CODE,COUNTRY,TIME_PERIOD,VALUE
ARG,Argentina,1960,64
ARG,Argentina,1961,64.4
ARG,Argentina,1962,64.2
ARG,Argentina,1963,64.4
ARG,Argentina,1964,64.4
ARG,Argentina,1965,64.6
ARG,Argentina,1966,64.9
ARG,Argentina,1967,65
ARG,Argentina,1968,64.9
ARG,Argentina,1969,64.9
ARG,Argentina,1970,65.6
ARG,Argentina,1971,65.5
ARG,Argentina,1972,65.9
ARG,Argentina,1973,66.3
ARG,Argentina,1974,66.6
ARG,Argentina,1975,67.1
ARG,Argentina,1976,67.2
ARG,Argentina,1977,67.9
ARG,Argentina,1978,68.2
ARG,Argentina,1979,68.5
ARG,Argentina,1980,68.6
ARG,Argentina,1981,69
ARG,Argentina,1982,68.9
ARG,Argentina,1983,69.3
ARG,Argentina,1984,69.2
ARG,Argentina,1985,69.7
ARG,Argentina,1986,70.1
ARG,Argentina,1987,70.6
ARG,Argentina,1988,71.1
ARG,Argentina,1989,71.4
ARG,Argentina,1990,71.8
ARG,Argentina,1991,72.3
ARG,Argentina,1992,72.4
ARG,Argentina,1993,72.6
ARG,Argentina,1994,73.2
ARG,Argentina,1995,73.1
ARG,Argentina,1996,73.3
ARG,Argentina,1997,73.1
ARG,Argentina,1998,73.5
ARG,Argentina,1999,73.7
ARG,Argentina,2000,73.9
ARG,Argentina,2001,74.2
ARG,Argentina,2002,74.4
ARG,Argentina,2003,74.1
ARG,Argentina,2004,74.9
ARG,Argentina,2005,75.1
ARG,Argentina,2006,75.4
ARG,Argentina,2007,75
ARG,Argentina,2008,75.6
ARG,Argentina,2009,75.9
ARG,Argentina,2010,75.7
ARG,Argentina,2011,76.1
ARG,Argentina,2012,76.5
ARG,Argentina,2013,76.5
ARG,Argentina,2014,76.8
ARG,Argentina,2015,76.8
ARG,Argentina,2016,76.3
ARG,Argentina,2017,76.8
ARG,Argentina,2018,77
ARG,Argentina,2019,77.3
ARG,Argentina,2020,75.9
ARG,Argentina,2021,75.4
ARG,Argentina,2022,76.1
AUS,Australia,1962,71
AUS,Australia,1967,70.8
AUS,Australia,1976,72.8
AUS,Australia,1981,74.8
AUS,Australia,1982,74.6
AUS,Australia,1983,75.4
AUS,Australia,1984,75.7
AUS,Australia,1985,75.5
AUS,Australia,1986,76
AUS,Australia,1987,76.2
AUS,Australia,1988,76.2
AUS,Australia,1989,76.4
AUS,Australia,1990,76.9
AUS,Australia,1991,77.3
AUS,Australia,1992,77.4
AUS,Australia,1993,77.9
AUS,Australia,1994,77.9
AUS,Australia,1995,77.8
AUS,Australia,1996,78.1
AUS,Australia,1997,78.4
AUS,Australia,1998,78.6
AUS,Australia,1999,78.9
AUS,Australia,2000,79.2
AUS,Australia,2001,79.6
AUS,Australia,2002,79.9
AUS,Australia,2003,80.2
AUS,Australia,2004,80.5
AUS,Australia,2005,80.8
AUS,Australia,2006,81
AUS,Australia,2007,81.3
AUS,Australia,2008,81.4
AUS,Australia,2009,81.5
AUS,Australia,2010,81.7
AUS,Australia,2011,81.9
AUS,Australia,2012,82
AUS,Australia,2013,82.1
AUS,Australia,2014,82.3
AUS,Australia,2015,82.4
AUS,Australia,2016,82.4
AUS,Australia,2017,82.5
AUS,Australia,2018,82.7
AUS,Australia,2019,82.9
AUS,Australia,2020,83.2
AUS,Australia,2021,83.3
AUS,Australia,2022,83.2
AUT,Austria,1960,68.7
AUT,Austria,1961,69.7
AUT,Austria,1962,69.4
AUT,Austria,1963,69.6
AUT,Austria,1964,70
AUT,Austria,1965,69.8
AUT,Austria,1966,70.2
AUT,Austria,1967,70
AUT,Austria,1968,70.2
AUT,Austria,1969,69.9
AUT,Austria,1970,70.1
AUT,Austria,1971,70.3
AUT,Austria,1972,70.7
AUT,Austria,1973,71.2
AUT,Austria,1974,71.2
AUT,Austria,1975,71.4
AUT,Austria,1976,71.8
AUT,Austria,1977,72.2
AUT,Austria,1978,72.3
AUT,Austria,1979,72.6
AUT,Austria,1980,72.7
AUT,Austria,1981,73
AUT,Austria,1982,73.2
AUT,Austria,1983,73.3
AUT,Austria,1984,73.9
AUT,Austria,1985,74.1
AUT,Austria,1986,74.5
AUT,Austria,1987,75
AUT,Austria,1988,75.5
AUT,Austria,1989,75.6
AUT,Austria,1990,75.8
AUT,Austria,1991,75.9
AUT,Austria,1992,76.1
AUT,Austria,1993,76.3
AUT,Austria,1994,76.7
AUT,Austria,1995,76.9
AUT,Austria,1996,77.1
AUT,Austria,1997,77.5
AUT,Austria,1998,77.9
AUT,Austria,1999,78.1
AUT,Austria,2000,78.3
AUT,Austria,2001,78.8
AUT,Austria,2002,78.9
AUT,Austria,2003,78.8
AUT,Austria,2004,79.3
AUT,Austria,2005,79.5
AUT,Austria,2006,80.1
AUT,Austria,2007,80.3
AUT,Austria,2008,80.6
AUT,Austria,2009,80.5
AUT,Austria,2010,80.7
AUT,Austria,2011,81.1
AUT,Austria,2012,81.1
AUT,Austria,2013,81.3
AUT,Austria,2014,81.6
AUT,Austria,2015,81.3
AUT,Austria,2016,81.8
AUT,Austria,2017,81.7
AUT,Austria,2018,81.8
AUT,Austria,2019,82
AUT,Austria,2020,81.3
AUT,Austria,2021,81.3
AUT,Austria,2022,81.4
AUT,Austria,2023,81.6
BEL,Belgium,1960,69.7
BEL,Belgium,1961,70.5
BEL,Belgium,1962,70.3
BEL,Belgium,1963,70.1
BEL,Belgium,1964,70.8
BEL,Belgium,1965,70.7
BEL,Belgium,1966,70.7
BEL,Belgium,1967,71
BEL,Belgium,1968,70.7
BEL,Belgium,1969,70.8
BEL,Belgium,1970,71
BEL,Belgium,1971,71.1
BEL,Belgium,1972,71.4
BEL,Belgium,1973,71.7
BEL,Belgium,1974,72
BEL,Belgium,1975,72
BEL,Belgium,1976,72.2
BEL,Belgium,1977,72.8
BEL,Belgium,1978,72.8
BEL,Belgium,1979,73.3
BEL,Belgium,1980,73.3
BEL,Belgium,1981,73.7
BEL,Belgium,1982,74
BEL,Belgium,1983,73.9
BEL,Belgium,1984,74.5
BEL,Belgium,1985,74.6
BEL,Belgium,1986,74.8
BEL,Belgium,1987,75.4
BEL,Belgium,1988,75.7
BEL,Belgium,1989,75.7
BEL,Belgium,1990,76.2
BEL,Belgium,1991,76.3
BEL,Belgium,1992,76.5
BEL,Belgium,1993,76.5
BEL,Belgium,1994,76.8
BEL,Belgium,1995,77
BEL,Belgium,1996,77.3
BEL,Belgium,1997,77.5
BEL,Belgium,1998,77.6
BEL,Belgium,1999,77.7
BEL,Belgium,2000,77.9
BEL,Belgium,2001,78.1
BEL,Belgium,2002,78.2
BEL,Belgium,2003,78.3
BEL,Belgium,2004,79
BEL,Belgium,2005,79.1
BEL,Belgium,2006,79.5
BEL,Belgium,2007,79.9
BEL,Belgium,2008,79.8
BEL,Belgium,2009,80.2
BEL,Belgium,2010,80.3
BEL,Belgium,2011,80.7
BEL,Belgium,2012,80.5
BEL,Belgium,2013,80.7
BEL,Belgium,2014,81.4
BEL,Belgium,2015,81.1
BEL,Belgium,2016,81.5
BEL,Belgium,2017,81.6
BEL,Belgium,2018,81.7
BEL,Belgium,2019,82.1
BEL,Belgium,2020,80.8
BEL,Belgium,2021,81.9
BEL,Belgium,2022,81.8
BEL,Belgium,2023,82.5
BRA,Brazil,1960,52.7
BRA,Brazil,1961,53.2
BRA,Brazil,1962,53.7
BRA,Brazil,1963,54.2
BRA,Brazil,1964,54.6
BRA,Brazil,1965,55.1
BRA,Brazil,1966,55.5
BRA,Brazil,1967,55.9
BRA,Brazil,1968,56.3
BRA,Brazil,1969,56.7
BRA,Brazil,1970,57.2
BRA,Brazil,1971,57.6
BRA,Brazil,1972,58
BRA,Brazil,1973,58.5
BRA,Brazil,1974,58.9
BRA,Brazil,1975,59.4
BRA,Brazil,1976,59.8
BRA,Brazil,1977,60.2
BRA,Brazil,1978,60.7
BRA,Brazil,1979,61.3
BRA,Brazil,1980,61.8
BRA,Brazil,1981,62.3
BRA,Brazil,1982,62.9
BRA,Brazil,1983,63.3
BRA,Brazil,1984,63.8
BRA,Brazil,1985,64.2
BRA,Brazil,1986,64.6
BRA,Brazil,1987,65.1
BRA,Brazil,1988,65.5
BRA,Brazil,1989,65.9
BRA,Brazil,1990,66
BRA,Brazil,1991,66.3
BRA,Brazil,1992,66.7
BRA,Brazil,1993,67.1
BRA,Brazil,1994,67.6
BRA,Brazil,1995,67.9
BRA,Brazil,1996,68.4
BRA,Brazil,1997,68.8
BRA,Brazil,1998,69.2
BRA,Brazil,1999,69.5
BRA,Brazil,2000,69.7
BRA,Brazil,2001,70.2
BRA,Brazil,2002,70.4
BRA,Brazil,2003,70.7
BRA,Brazil,2004,71.1
BRA,Brazil,2005,71.8
BRA,Brazil,2006,72
BRA,Brazil,2007,72.4
BRA,Brazil,2008,72.7
BRA,Brazil,2009,72.9
BRA,Brazil,2010,73.2
BRA,Brazil,2011,73.3
BRA,Brazil,2012,73.6
BRA,Brazil,2013,73.9
BRA,Brazil,2014,74.3
BRA,Brazil,2015,74.3
BRA,Brazil,2016,74.4
BRA,Brazil,2017,74.8
BRA,Brazil,2018,75.1
BRA,Brazil,2019,75.3
BRA,Brazil,2020,74
BRA,Brazil,2021,72.8
BRA,Brazil,2022,73.4
BGR,Bulgaria,1960,69.3
BGR,Bulgaria,1961,70.4
BGR,Bulgaria,1962,69.6
BGR,Bulgaria,1963,70.5
BGR,Bulgaria,1964,71.3
BGR,Bulgaria,1965,71.4
BGR,Bulgaria,1966,71.2
BGR,Bulgaria,1967,70.4
BGR,Bulgaria,1968,71.2
BGR,Bulgaria,1969,70.4
BGR,Bulgaria,1970,71.2
BGR,Bulgaria,1971,70.8
BGR,Bulgaria,1972,70.8
BGR,Bulgaria,1973,71.2
BGR,Bulgaria,1974,71.1
BGR,Bulgaria,1975,71
BGR,Bulgaria,1976,71.3
BGR,Bulgaria,1977,70.7
BGR,Bulgaria,1978,71.1
BGR,Bulgaria,1979,71.2
BGR,Bulgaria,1980,71.1
BGR,Bulgaria,1981,71.5
BGR,Bulgaria,1982,71.1
BGR,Bulgaria,1983,71.3
BGR,Bulgaria,1984,71.4
BGR,Bulgaria,1985,71.1
BGR,Bulgaria,1986,71.5
BGR,Bulgaria,1987,71.3
BGR,Bulgaria,1988,71.4
BGR,Bulgaria,1989,71.4
BGR,Bulgaria,1990,71.2
BGR,Bulgaria,1991,71.1
BGR,Bulgaria,1992,71.2
BGR,Bulgaria,1993,71.2
BGR,Bulgaria,1994,70.9
BGR,Bulgaria,1995,71
BGR,Bulgaria,1996,70.8
BGR,Bulgaria,1997,70.3
BGR,Bulgaria,1998,70.9
BGR,Bulgaria,1999,71.6
BGR,Bulgaria,2000,71.6
BGR,Bulgaria,2001,71.9
BGR,Bulgaria,2002,72.1
BGR,Bulgaria,2003,72.3
BGR,Bulgaria,2004,72.5
BGR,Bulgaria,2005,72.5
BGR,Bulgaria,2006,72.7
BGR,Bulgaria,2007,73
BGR,Bulgaria,2008,73.3
BGR,Bulgaria,2009,73.7
BGR,Bulgaria,2010,73.8
BGR,Bulgaria,2011,74.2
BGR,Bulgaria,2012,74.4
BGR,Bulgaria,2013,74.9
BGR,Bulgaria,2014,74.5
BGR,Bulgaria,2015,74.7
BGR,Bulgaria,2016,74.9
BGR,Bulgaria,2017,74.8
BGR,Bulgaria,2018,75
BGR,Bulgaria,2019,75.1
BGR,Bulgaria,2020,73.6
BGR,Bulgaria,2021,71.4
BGR,Bulgaria,2022,74.2
BGR,Bulgaria,2023,75.8
CAN,Canada,1980,75.1
CAN,Canada,1981,75.5
CAN,Canada,1982,75.7
CAN,Canada,1983,76.1
CAN,Canada,1984,76.4
CAN,Canada,1985,76.4
CAN,Canada,1986,76.5
CAN,Canada,1987,76.8
CAN,Canada,1988,76.9
CAN,Canada,1989,77.2
CAN,Canada,1990,77.5
CAN,Canada,1991,77.7
CAN,Canada,1992,77.9
CAN,Canada,1993,77.8
CAN,Canada,1994,78
CAN,Canada,1995,78.1
CAN,Canada,1996,78.3
CAN,Canada,1997,78.5
CAN,Canada,1998,78.7
CAN,Canada,1999,78.9
CAN,Canada,2000,79.3
CAN,Canada,2001,79.5
CAN,Canada,2002,79.6
CAN,Canada,2003,79.8
CAN,Canada,2004,80.1
CAN,Canada,2005,80.2
CAN,Canada,2006,80.7
CAN,Canada,2007,80.7
CAN,Canada,2008,80.8
CAN,Canada,2009,81.2
CAN,Canada,2010,81.4
CAN,Canada,2011,81.6
CAN,Canada,2012,81.8
CAN,Canada,2013,81.8
CAN,Canada,2014,81.9
CAN,Canada,2015,81.9
CAN,Canada,2016,82
CAN,Canada,2017,81.9
CAN,Canada,2018,81.9
CAN,Canada,2019,82.3
CAN,Canada,2020,81.7
CAN,Canada,2021,81.6
CHL,Chile,1960,57.3
CHL,Chile,1961,57.7
CHL,Chile,1962,58.1
CHL,Chile,1963,58.6
CHL,Chile,1964,59
CHL,Chile,1965,59.5
CHL,Chile,1966,60
CHL,Chile,1967,60.6
CHL,Chile,1968,61.1
CHL,Chile,1969,61.7
CHL,Chile,1970,62.3
CHL,Chile,1971,63
CHL,Chile,1972,63.6
CHL,Chile,1973,64.3
CHL,Chile,1974,65
CHL,Chile,1975,65.7
CHL,Chile,1976,66.4
CHL,Chile,1977,67.1
CHL,Chile,1978,67.8
CHL,Chile,1979,68.4
CHL,Chile,1980,69.1
CHL,Chile,1981,69.7
CHL,Chile,1982,70
CHL,Chile,1983,70.4
CHL,Chile,1984,70.9
CHL,Chile,1985,71.3
CHL,Chile,1986,71.7
CHL,Chile,1987,72.1
CHL,Chile,1988,72.5
CHL,Chile,1989,73
CHL,Chile,1990,73.4
CHL,Chile,1991,73.8
CHL,Chile,1992,74.1
CHL,Chile,1993,74.4
CHL,Chile,1994,74.7
CHL,Chile,1995,75
CHL,Chile,1996,75.3
CHL,Chile,1997,75.6
CHL,Chile,1998,75.8
CHL,Chile,1999,76.1
CHL,Chile,2000,76.4
CHL,Chile,2001,76.6
CHL,Chile,2002,76.9
CHL,Chile,2003,77.1
CHL,Chile,2004,77.4
CHL,Chile,2005,77.6
CHL,Chile,2006,77.8
CHL,Chile,2007,78.1
CHL,Chile,2008,78.3
CHL,Chile,2009,78.5
CHL,Chile,2010,78.7
CHL,Chile,2011,79
CHL,Chile,2012,79.2
CHL,Chile,2013,79.4
CHL,Chile,2014,79.6
CHL,Chile,2015,79.8
CHL,Chile,2016,80
CHL,Chile,2017,80.2
CHL,Chile,2018,80.4
CHL,Chile,2019,80.6
CHL,Chile,2020,80.8
CHL,Chile,2021,81
CHL,Chile,2022,81.2
CHL,Chile,2023,81.4
CHN,China (People’s Republic of),1960,33.3
CHN,China (People’s Republic of),1961,40.5
CHN,China (People’s Republic of),1962,50.8
CHN,China (People’s Republic of),1963,51.4
CHN,China (People’s Republic of),1964,52.2
CHN,China (People’s Republic of),1965,52.9
CHN,China (People’s Republic of),1966,53.6
CHN,China (People’s Republic of),1967,54.4
CHN,China (People’s Republic of),1968,55.1
CHN,China (People’s Republic of),1969,55.7
CHN,China (People’s Republic of),1970,56.6
CHN,China (People’s Republic of),1971,57.6
CHN,China (People’s Republic of),1972,58.4
CHN,China (People’s Republic of),1973,59.4
CHN,China (People’s Republic of),1974,60.2
CHN,China (People’s Republic of),1975,60.9
CHN,China (People’s Republic of),1976,61.8
CHN,China (People’s Republic of),1977,62.5
CHN,China (People’s Republic of),1978,63.2
CHN,China (People’s Republic of),1979,63.9
CHN,China (People’s Republic of),1980,64.4
CHN,China (People’s Republic of),1981,65
CHN,China (People’s Republic of),1982,65.5
CHN,China (People’s Republic of),1983,65.9
CHN,China (People’s Republic of),1984,66.3
CHN,China (People’s Republic of),1985,66.6
CHN,China (People’s Republic of),1986,67
CHN,China (People’s Republic of),1987,67.3
CHN,China (People’s Republic of),1988,67.6
CHN,China (People’s Republic of),1989,67.8
CHN,China (People’s Republic of),1990,68
CHN,China (People’s Republic of),1991,68.2
CHN,China (People’s Republic of),1992,68.7
CHN,China (People’s Republic of),1993,69.2
CHN,China (People’s Republic of),1994,69.5
CHN,China (People’s Republic of),1995,70
CHN,China (People’s Republic of),1996,70.3
CHN,China (People’s Republic of),1997,70.7
CHN,China (People’s Republic of),1998,71.2
CHN,China (People’s Republic of),1999,71.4
CHN,China (People’s Republic of),2000,71.9
CHN,China (People’s Republic of),2001,72.6
CHN,China (People’s Republic of),2002,73
CHN,China (People’s Republic of),2003,73.4
CHN,China (People’s Republic of),2004,73.7
CHN,China (People’s Republic of),2005,74.1
CHN,China (People’s Republic of),2006,74.5
CHN,China (People’s Republic of),2007,74.8
CHN,China (People’s Republic of),2008,74.9
CHN,China (People’s Republic of),2009,75.3
CHN,China (People’s Republic of),2010,75.6
CHN,China (People’s Republic of),2011,75.9
CHN,China (People’s Republic of),2012,76.2
CHN,China (People’s Republic of),2013,76.5
CHN,China (People’s Republic of),2014,76.7
CHN,China (People’s Republic of),2015,77
CHN,China (People’s Republic of),2016,77.2
CHN,China (People’s Republic of),2017,77.2
CHN,China (People’s Republic of),2018,77.7
CHN,China (People’s Republic of),2019,78
CHN,China (People’s Republic of),2020,78.1
CHN,China (People’s Republic of),2021,78.2
CHN,China (People’s Republic of),2022,78.6
COL,Colombia,1960,55.2
COL,Colombia,1961,55.6
COL,Colombia,1962,56.1
COL,Colombia,1963,56.5
COL,Colombia,1964,56.9
COL,Colombia,1965,57.3
COL,Colombia,1966,57.8
COL,Colombia,1967,58.2
COL,Colombia,1968,58.7
COL,Colombia,1969,59.1
COL,Colombia,1970,59.5
COL,Colombia,1971,59.9
COL,Colombia,1972,60.3
COL,Colombia,1973,60.7
COL,Colombia,1974,61.1
COL,Colombia,1975,61.5
COL,Colombia,1976,62
COL,Colombia,1977,62.5
COL,Colombia,1978,63
COL,Colombia,1979,63.5
COL,Colombia,1980,64
COL,Colombia,1981,64.5
COL,Colombia,1982,65
COL,Colombia,1983,65.5
COL,Colombia,1984,65.9
COL,Colombia,1985,66.4
COL,Colombia,1986,66.6
COL,Colombia,1987,66.8
COL,Colombia,1988,66.9
COL,Colombia,1989,67.1
COL,Colombia,1990,67.2
COL,Colombia,1991,67.4
COL,Colombia,1992,67.5
COL,Colombia,1993,67.6
COL,Colombia,1994,68.1
COL,Colombia,1995,68.6
COL,Colombia,1996,69.1
COL,Colombia,1997,69.6
COL,Colombia,1998,70.1
COL,Colombia,1999,70.5
COL,Colombia,2000,71
COL,Colombia,2001,71.4
COL,Colombia,2002,71.8
COL,Colombia,2003,72.2
COL,Colombia,2004,72.6
COL,Colombia,2005,73
COL,Colombia,2006,73.3
COL,Colombia,2007,73.5
COL,Colombia,2008,73.8
COL,Colombia,2009,74
COL,Colombia,2010,74.3
COL,Colombia,2011,74.5
COL,Colombia,2012,74.7
COL,Colombia,2013,75
COL,Colombia,2014,75.2
COL,Colombia,2015,75.4
COL,Colombia,2016,75.7
COL,Colombia,2017,75.9
COL,Colombia,2018,76.5
COL,Colombia,2019,76.6
COL,Colombia,2020,76.7
COL,Colombia,2021,76.8
COL,Colombia,2022,76.9
CRI,Costa Rica,1960,60.4
CRI,Costa Rica,1961,61
CRI,Costa Rica,1962,61.6
CRI,Costa Rica,1963,62.2
CRI,Costa Rica,1964,62.8
CRI,Costa Rica,1965,63.3
CRI,Costa Rica,1966,63.9
CRI,Costa Rica,1967,64.4
CRI,Costa Rica,1968,64.8
CRI,Costa Rica,1969,65.3
CRI,Costa Rica,1970,65.8
CRI,Costa Rica,1971,66.4
CRI,Costa Rica,1972,66.9
CRI,Costa Rica,1973,67.5
CRI,Costa Rica,1974,68.2
CRI,Costa Rica,1975,68.8
CRI,Costa Rica,1976,69.5
CRI,Costa Rica,1977,70.2
CRI,Costa Rica,1978,70.9
CRI,Costa Rica,1979,71.5
CRI,Costa Rica,1980,72.1
CRI,Costa Rica,1981,72.7
CRI,Costa Rica,1982,73.2
CRI,Costa Rica,1983,73.7
CRI,Costa Rica,1984,74.1
CRI,Costa Rica,1985,74.4
CRI,Costa Rica,1986,74.7
CRI,Costa Rica,1987,75
CRI,Costa Rica,1988,75.2
CRI,Costa Rica,1989,75.5
CRI,Costa Rica,1990,75.7
CRI,Costa Rica,1991,75.8
CRI,Costa Rica,1992,76
CRI,Costa Rica,1993,76.2
CRI,Costa Rica,1994,76.4
CRI,Costa Rica,1995,76.6
CRI,Costa Rica,1996,76.8
CRI,Costa Rica,1997,76.9
CRI,Costa Rica,1998,77.1
CRI,Costa Rica,1999,77.3
CRI,Costa Rica,2000,77.8
CRI,Costa Rica,2001,78.1
CRI,Costa Rica,2002,78.3
CRI,Costa Rica,2003,78.5
CRI,Costa Rica,2004,78.6
CRI,Costa Rica,2005,78.8
CRI,Costa Rica,2006,79
CRI,Costa Rica,2007,79.1
CRI,Costa Rica,2008,79.3
CRI,Costa Rica,2009,79.4
CRI,Costa Rica,2010,79.1
CRI,Costa Rica,2011,79.1
CRI,Costa Rica,2012,79.4
CRI,Costa Rica,2013,79.6
CRI,Costa Rica,2014,79.7
CRI,Costa Rica,2015,79.9
CRI,Costa Rica,2016,80
CRI,Costa Rica,2017,80.2
CRI,Costa Rica,2018,80.3
CRI,Costa Rica,2019,80.5
CRI,Costa Rica,2020,80.6
CRI,Costa Rica,2021,80.8
CRI,Costa Rica,2022,80.9
CRI,Costa Rica,2023,81
HRV,Croatia,2001,74.6
HRV,Croatia,2002,74.7
HRV,Croatia,2003,74.6
HRV,Croatia,2004,75.4
HRV,Croatia,2005,75.3
HRV,Croatia,2006,75.9
HRV,Croatia,2007,75.8
HRV,Croatia,2008,76
HRV,Croatia,2009,76.3
HRV,Croatia,2010,76.7
HRV,Croatia,2011,77.2
HRV,Croatia,2012,77.3
HRV,Croatia,2013,77.8
HRV,Croatia,2014,77.9
HRV,Croatia,2015,77.5
HRV,Croatia,2016,78.2
HRV,Croatia,2017,78
HRV,Croatia,2018,78.2
HRV,Croatia,2019,78.6
HRV,Croatia,2020,77.6
HRV,Croatia,2021,76.6
HRV,Croatia,2022,77.7
HRV,Croatia,2023,78.6
CZE,Czechia,1960,70.7
CZE,Czechia,1961,70.7
CZE,Czechia,1962,70
CZE,Czechia,1963,70.5
CZE,Czechia,1964,70.7
CZE,Czechia,1965,70.4
CZE,Czechia,1966,70.6
CZE,Czechia,1967,70.5
CZE,Czechia,1968,70
CZE,Czechia,1969,69.6
CZE,Czechia,1970,69.6
CZE,Czechia,1971,69.8
CZE,Czechia,1972,70.3
CZE,Czechia,1973,70.1
CZE,Czechia,1974,70.2
CZE,Czechia,1975,70.5
CZE,Czechia,1976,70.7
CZE,Czechia,1977,70.7
CZE,Czechia,1978,70.8
CZE,Czechia,1979,70.9
CZE,Czechia,1980,70.4
CZE,Czechia,1981,70.8
CZE,Czechia,1982,70.9
CZE,Czechia,1983,70.7
CZE,Czechia,1984,70.9
CZE,Czechia,1985,71.2
CZE,Czechia,1986,71.1
CZE,Czechia,1987,71.6
CZE,Czechia,1988,71.8
CZE,Czechia,1989,71.8
CZE,Czechia,1990,71.5
CZE,Czechia,1991,72
CZE,Czechia,1992,72.4
CZE,Czechia,1993,72.9
CZE,Czechia,1994,73.2
CZE,Czechia,1995,73.3
CZE,Czechia,1996,74
CZE,Czechia,1997,74.1
CZE,Czechia,1998,74.7
CZE,Czechia,1999,74.9
CZE,Czechia,2000,75.1
CZE,Czechia,2001,75.3
CZE,Czechia,2002,75.4
CZE,Czechia,2003,75.3
CZE,Czechia,2004,75.9
CZE,Czechia,2005,76.1
CZE,Czechia,2006,76.7
CZE,Czechia,2007,77
CZE,Czechia,2008,77.3
CZE,Czechia,2009,77.4
CZE,Czechia,2010,77.7
CZE,Czechia,2011,78
CZE,Czechia,2012,78.1
CZE,Czechia,2013,78.3
CZE,Czechia,2014,78.9
CZE,Czechia,2015,78.7
CZE,Czechia,2016,79.1
CZE,Czechia,2017,79.1
CZE,Czechia,2018,79.1
CZE,Czechia,2019,79.3
CZE,Czechia,2020,78.2
CZE,Czechia,2021,77.2
CZE,Czechia,2022,79
CZE,Czechia,2023,80
DNK,Denmark,1960,72.4
DNK,Denmark,1967,72.6
DNK,Denmark,1968,73
DNK,Denmark,1969,73.2
DNK,Denmark,1970,73.3
DNK,Denmark,1971,73.3
DNK,Denmark,1972,73.4
DNK,Denmark,1973,73.6
DNK,Denmark,1974,73.9
DNK,Denmark,1975,74.2
DNK,Denmark,1976,73.8
DNK,Denmark,1977,74.7
DNK,Denmark,1978,74.5
DNK,Denmark,1979,74.3
DNK,Denmark,1980,74.2
DNK,Denmark,1981,74.3
DNK,Denmark,1982,74.7
DNK,Denmark,1983,74.5
DNK,Denmark,1984,74.7
DNK,Denmark,1985,74.5
DNK,Denmark,1986,74.7
DNK,Denmark,1987,74.8
DNK,Denmark,1988,74.9
DNK,Denmark,1989,74.9
DNK,Denmark,1990,74.9
DNK,Denmark,1991,75.3
DNK,Denmark,1992,75.3
DNK,Denmark,1993,75.2
DNK,Denmark,1994,75.5
DNK,Denmark,1995,75.3
DNK,Denmark,1996,75.7
DNK,Denmark,1997,76.1
DNK,Denmark,1998,76.5
DNK,Denmark,1999,76.6
DNK,Denmark,2000,76.9
DNK,Denmark,2001,77
DNK,Denmark,2002,77.1
DNK,Denmark,2003,77.4
DNK,Denmark,2004,77.8
DNK,Denmark,2005,78.3
DNK,Denmark,2006,78.4
DNK,Denmark,2007,78.4
DNK,Denmark,2008,78.8
DNK,Denmark,2009,79
DNK,Denmark,2010,79.3
DNK,Denmark,2011,79.9
DNK,Denmark,2012,80.2
DNK,Denmark,2013,80.4
DNK,Denmark,2014,80.7
DNK,Denmark,2015,80.8
DNK,Denmark,2016,80.9
DNK,Denmark,2017,81.1
DNK,Denmark,2018,81
DNK,Denmark,2019,81.5
DNK,Denmark,2020,81.6
DNK,Denmark,2021,81.5
DNK,Denmark,2022,81.3
DNK,Denmark,2023,81.9
EST,Estonia,1960,69.4
EST,Estonia,1961,69.7
EST,Estonia,1962,69.8
EST,Estonia,1963,69.9
EST,Estonia,1964,70.8
EST,Estonia,1965,70.8
EST,Estonia,1966,70.7
EST,Estonia,1967,71
EST,Estonia,1968,70.6
EST,Estonia,1969,70.2
EST,Estonia,1970,70.4
EST,Estonia,1971,70.6
EST,Estonia,1972,70.4
EST,Estonia,1973,70.7
EST,Estonia,1974,70.9
EST,Estonia,1975,70.2
EST,Estonia,1976,69.8
EST,Estonia,1977,69.9
EST,Estonia,1978,69.7
EST,Estonia,1979,69.4
EST,Estonia,1980,69.5
EST,Estonia,1981,69.3
EST,Estonia,1982,69.9
EST,Estonia,1983,69.8
EST,Estonia,1984,69.6
EST,Estonia,1985,69.8
EST,Estonia,1986,70.9
EST,Estonia,1987,70.9
EST,Estonia,1988,71
EST,Estonia,1989,70.5
EST,Estonia,1990,69.9
EST,Estonia,1991,69.8
EST,Estonia,1992,69.1
EST,Estonia,1993,68.1
EST,Estonia,1994,66.6
EST,Estonia,1995,67.7
EST,Estonia,1996,69.9
EST,Estonia,1997,70.1
EST,Estonia,1998,69.7
EST,Estonia,1999,70.6
EST,Estonia,2000,71.1
EST,Estonia,2001,70.9
EST,Estonia,2002,71.4
EST,Estonia,2003,71.9
EST,Estonia,2004,72.4
EST,Estonia,2005,73
EST,Estonia,2006,73.2
EST,Estonia,2007,73.2
EST,Estonia,2008,74.4
EST,Estonia,2009,75.3
EST,Estonia,2010,76
EST,Estonia,2011,76.6
EST,Estonia,2012,76.7
EST,Estonia,2013,77.5
EST,Estonia,2014,77.4
EST,Estonia,2015,78
EST,Estonia,2016,78
EST,Estonia,2017,78.4
EST,Estonia,2018,78.5
EST,Estonia,2019,79
EST,Estonia,2020,78.9
EST,Estonia,2021,77.2
EST,Estonia,2022,78.1
EST,Estonia,2023,78.8
FIN,Finland,1960,69
FIN,Finland,1963,69
FIN,Finland,1968,69.8
FIN,Finland,1970,70.8
FIN,Finland,1971,70.1
FIN,Finland,1972,70.7
FIN,Finland,1973,71.2
FIN,Finland,1974,71.2
FIN,Finland,1975,71.7
FIN,Finland,1976,72
FIN,Finland,1977,72.4
FIN,Finland,1978,73
FIN,Finland,1979,73.2
FIN,Finland,1980,73.7
FIN,Finland,1981,74
FIN,Finland,1982,74.6
FIN,Finland,1983,74.5
FIN,Finland,1984,74.9
FIN,Finland,1985,74.5
FIN,Finland,1986,74.9
FIN,Finland,1987,74.9
FIN,Finland,1988,74.8
FIN,Finland,1989,75
FIN,Finland,1990,75.1
FIN,Finland,1991,75.5
FIN,Finland,1992,75.7
FIN,Finland,1993,75.9
FIN,Finland,1994,76.7
FIN,Finland,1995,76.7
FIN,Finland,1996,77
FIN,Finland,1997,77.2
FIN,Finland,1998,77.4
FIN,Finland,1999,77.6
FIN,Finland,2000,77.8
FIN,Finland,2001,78.2
FIN,Finland,2002,78.3
FIN,Finland,2003,78.6
FIN,Finland,2004,79
FIN,Finland,2005,79.1
FIN,Finland,2006,79.5
FIN,Finland,2007,79.6
FIN,Finland,2008,79.9
FIN,Finland,2009,80.1
FIN,Finland,2010,80.2
FIN,Finland,2011,80.6
FIN,Finland,2012,80.7
FIN,Finland,2013,81.1
FIN,Finland,2014,81.3
FIN,Finland,2015,81.6
FIN,Finland,2016,81.5
FIN,Finland,2017,81.7
FIN,Finland,2018,81.8
FIN,Finland,2019,82.1
FIN,Finland,2020,82
FIN,Finland,2021,81.9
FIN,Finland,2022,81.2
FIN,Finland,2023,81.7
FRA,France,1960,70.3
FRA,France,1961,71
FRA,France,1962,70.5
FRA,France,1963,70.5
FRA,France,1964,71.4
FRA,France,1965,71.3
FRA,France,1966,71.5
FRA,France,1967,71.5
FRA,France,1968,71.5
FRA,France,1969,71.3
FRA,France,1970,72.2
FRA,France,1971,72.1
FRA,France,1972,72.4
FRA,France,1973,72.5
FRA,France,1974,72.8
FRA,France,1975,73
FRA,France,1976,73.2
FRA,France,1977,73.8
FRA,France,1978,73.9
FRA,France,1979,74.2
FRA,France,1980,74.3
FRA,France,1981,74.5
FRA,France,1982,74.8
FRA,France,1983,74.8
FRA,France,1984,75.3
FRA,France,1985,75.4
FRA,France,1986,75.7
FRA,France,1987,76.3
FRA,France,1988,76.6
FRA,France,1989,76.7
FRA,France,1990,77
FRA,France,1991,77.2
FRA,France,1992,77.5
FRA,France,1993,77.5
FRA,France,1994,78
FRA,France,1995,78.1
FRA,France,1996,78.2
FRA,France,1997,78.6
FRA,France,1998,78.7
FRA,France,1999,78.9
FRA,France,2000,79.2
FRA,France,2001,79.3
FRA,France,2002,79.4
FRA,France,2003,79.3
FRA,France,2004,80.3
FRA,France,2005,80.3
FRA,France,2006,80.9
FRA,France,2007,81.3
FRA,France,2008,81.4
FRA,France,2009,81.5
FRA,France,2010,81.8
FRA,France,2011,82.3
FRA,France,2012,82.1
FRA,France,2013,82.4
FRA,France,2014,82.9
FRA,France,2015,82.4
FRA,France,2016,82.7
FRA,France,2017,82.7
FRA,France,2018,82.8
FRA,France,2019,83
FRA,France,2020,82.3
FRA,France,2021,82.4
FRA,France,2022,82.3
FRA,France,2023,83.1
DEU,Germany,1960,69.2
DEU,Germany,1961,69.8
DEU,Germany,1962,70
DEU,Germany,1963,70.1
DEU,Germany,1964,70.7
DEU,Germany,1965,70.6
DEU,Germany,1966,70.8
DEU,Germany,1967,71
DEU,Germany,1968,70.6
DEU,Germany,1969,70.5
DEU,Germany,1970,70.7
DEU,Germany,1971,70.9
DEU,Germany,1972,71.2
DEU,Germany,1973,71.4
DEU,Germany,1974,71.7
DEU,Germany,1975,71.5
DEU,Germany,1976,72
DEU,Germany,1977,72.6
DEU,Germany,1978,72.6
DEU,Germany,1979,73
DEU,Germany,1980,73.1
DEU,Germany,1981,73.4
DEU,Germany,1982,73.7
DEU,Germany,1983,74
DEU,Germany,1984,74.5
DEU,Germany,1985,74.6
DEU,Germany,1986,74.8
DEU,Germany,1987,75.2
DEU,Germany,1988,75.4
DEU,Germany,1989,75.6
DEU,Germany,1990,75.4
DEU,Germany,1991,75.7
DEU,Germany,1992,76.2
DEU,Germany,1993,76.2
DEU,Germany,1994,76.6
DEU,Germany,1995,76.7
DEU,Germany,1996,77
DEU,Germany,1997,77.4
DEU,Germany,1998,77.8
DEU,Germany,1999,78
DEU,Germany,2000,78.3
DEU,Germany,2001,78.6
DEU,Germany,2002,78.6
DEU,Germany,2003,78.6
DEU,Germany,2004,79.3
DEU,Germany,2005,79.4
DEU,Germany,2006,79.9
DEU,Germany,2007,80.1
DEU,Germany,2008,80.2
DEU,Germany,2009,80.3
DEU,Germany,2010,80.5
DEU,Germany,2011,80.6
DEU,Germany,2012,80.7
DEU,Germany,2013,80.6
DEU,Germany,2014,81.2
DEU,Germany,2015,80.7
DEU,Germany,2016,81
DEU,Germany,2017,81.1
DEU,Germany,2018,81
DEU,Germany,2019,81.3
DEU,Germany,2020,81.1
DEU,Germany,2021,80.8
DEU,Germany,2022,80.7
GRC,Greece,1961,72.1
GRC,Greece,1962,71.7
GRC,Greece,1963,72
GRC,Greece,1964,71.8
GRC,Greece,1965,72.4
GRC,Greece,1966,72.6
GRC,Greece,1967,72.4
GRC,Greece,1968,72.4
GRC,Greece,1969,73
GRC,Greece,1970,73.8
GRC,Greece,1971,74.2
GRC,Greece,1972,73.8
GRC,Greece,1973,74.1
GRC,Greece,1974,74.6
GRC,Greece,1975,74.4
GRC,Greece,1976,74.5
GRC,Greece,1977,74.7
GRC,Greece,1978,75.3
GRC,Greece,1979,75.5
GRC,Greece,1980,75.3
GRC,Greece,1981,75.7
GRC,Greece,1982,75.9
GRC,Greece,1983,75.7
GRC,Greece,1984,76.2
GRC,Greece,1985,76
GRC,Greece,1986,76.4
GRC,Greece,1987,76.2
GRC,Greece,1988,76.8
GRC,Greece,1989,77
GRC,Greece,1990,77.1
GRC,Greece,1991,77.3
GRC,Greece,1992,77.2
GRC,Greece,1993,77.6
GRC,Greece,1994,77.8
GRC,Greece,1995,77.8
GRC,Greece,1996,77.9
GRC,Greece,1997,78.4
GRC,Greece,1998,78.3
GRC,Greece,1999,78.5
GRC,Greece,2000,78.6
GRC,Greece,2001,79.1
GRC,Greece,2002,79.2
GRC,Greece,2003,79.3
GRC,Greece,2004,79.4
GRC,Greece,2005,79.6
GRC,Greece,2006,79.9
GRC,Greece,2007,79.7
GRC,Greece,2008,80.2
GRC,Greece,2009,80.4
GRC,Greece,2010,80.6
GRC,Greece,2011,80.8
GRC,Greece,2012,80.7
GRC,Greece,2013,81.4
GRC,Greece,2014,81.5
GRC,Greece,2015,81.1
GRC,Greece,2016,81.5
GRC,Greece,2017,81.4
GRC,Greece,2018,81.9
GRC,Greece,2019,81.7
GRC,Greece,2020,81.4
GRC,Greece,2021,80.2
GRC,Greece,2022,80.8
GRC,Greece,2023,81.6
HUN,Hungary,1960,68.1
HUN,Hungary,1961,69
HUN,Hungary,1962,67.9
HUN,Hungary,1963,69
HUN,Hungary,1964,69.5
HUN,Hungary,1965,69.2
HUN,Hungary,1966,69.9
HUN,Hungary,1967,69.5
HUN,Hungary,1968,69.3
HUN,Hungary,1969,69.4
HUN,Hungary,1970,69.2
HUN,Hungary,1971,69.1
HUN,Hungary,1972,69.8
HUN,Hungary,1973,69.6
HUN,Hungary,1974,69.3
HUN,Hungary,1975,69.4
HUN,Hungary,1976,69.7
HUN,Hungary,1977,69.9
HUN,Hungary,1978,69.4
HUN,Hungary,1979,69.7
HUN,Hungary,1980,69.1
HUN,Hungary,1981,69.2
HUN,Hungary,1982,69.4
HUN,Hungary,1983,69
HUN,Hungary,1984,69.1
HUN,Hungary,1985,69.1
HUN,Hungary,1986,69.3
HUN,Hungary,1987,69.8
HUN,Hungary,1988,70.2
HUN,Hungary,1989,69.5
HUN,Hungary,1990,69.4
HUN,Hungary,1991,69.4
HUN,Hungary,1992,69.2
HUN,Hungary,1993,69.2
HUN,Hungary,1994,69.6
HUN,Hungary,1995,70
HUN,Hungary,1996,70.6
HUN,Hungary,1997,71.1
HUN,Hungary,1998,71
HUN,Hungary,1999,71.1
HUN,Hungary,2000,71.9
HUN,Hungary,2001,72.5
HUN,Hungary,2002,72.6
HUN,Hungary,2003,72.6
HUN,Hungary,2004,73
HUN,Hungary,2005,73
HUN,Hungary,2006,73.5
HUN,Hungary,2007,73.6
HUN,Hungary,2008,74.2
HUN,Hungary,2009,74.4
HUN,Hungary,2010,74.7
HUN,Hungary,2011,75.1
HUN,Hungary,2012,75.3
HUN,Hungary,2013,75.8
HUN,Hungary,2014,76
HUN,Hungary,2015,75.7
HUN,Hungary,2016,76.2
HUN,Hungary,2017,76
HUN,Hungary,2018,76.2
HUN,Hungary,2019,76.5
HUN,Hungary,2020,75.7
HUN,Hungary,2021,74.3
HUN,Hungary,2022,76
HUN,Hungary,2023,76.9
ISL,Iceland,1961,73.5
ISL,Iceland,1962,73.7
ISL,Iceland,1963,73
ISL,Iceland,1964,73.5
ISL,Iceland,1965,73.8
ISL,Iceland,1966,73.3
ISL,Iceland,1967,73.8
ISL,Iceland,1968,74
ISL,Iceland,1969,73.7
ISL,Iceland,1970,73.8
ISL,Iceland,1971,73.5
ISL,Iceland,1972,74.4
ISL,Iceland,1973,74.4
ISL,Iceland,1974,74.4
ISL,Iceland,1975,75.5
ISL,Iceland,1976,76.9
ISL,Iceland,1977,76.3
ISL,Iceland,1978,76.6
ISL,Iceland,1980,76.8
ISL,Iceland,1981,76.4
ISL,Iceland,1982,77
ISL,Iceland,1983,76.7
ISL,Iceland,1984,77.6
ISL,Iceland,1985,77.6
ISL,Iceland,1986,78
ISL,Iceland,1987,77.3
ISL,Iceland,1988,77.1
ISL,Iceland,1989,78.2
ISL,Iceland,1990,78.1
ISL,Iceland,1991,78
ISL,Iceland,1992,78.8
ISL,Iceland,1993,79
ISL,Iceland,1994,79.3
ISL,Iceland,1995,78
ISL,Iceland,1996,78.8
ISL,Iceland,1997,78.9
ISL,Iceland,1998,79.7
ISL,Iceland,1999,79.4
ISL,Iceland,2000,79.7
ISL,Iceland,2001,80.7
ISL,Iceland,2002,80.6
ISL,Iceland,2003,81
ISL,Iceland,2004,81.1
ISL,Iceland,2005,81.5
ISL,Iceland,2006,81.2
ISL,Iceland,2007,81.5
ISL,Iceland,2008,81.6
ISL,Iceland,2009,81.8
ISL,Iceland,2010,81.9
ISL,Iceland,2011,82.4
ISL,Iceland,2012,83
ISL,Iceland,2013,82.1
ISL,Iceland,2014,82.9
ISL,Iceland,2015,82.5
ISL,Iceland,2016,82.2
ISL,Iceland,2017,82.6
ISL,Iceland,2018,82.9
ISL,Iceland,2019,83.2
ISL,Iceland,2020,83.1
ISL,Iceland,2021,83.2
ISL,Iceland,2022,82.1
ISL,Iceland,2023,82.6
IND,India,1960,45.2
IND,India,1961,45.4
IND,India,1962,45.7
IND,India,1963,45.9
IND,India,1964,46.2
IND,India,1965,45
IND,India,1966,45.3
IND,India,1967,45.7
IND,India,1968,47.5
IND,India,1969,47.9
IND,India,1970,48.2
IND,India,1971,48.6
IND,India,1972,49
IND,India,1973,49.5
IND,India,1974,50.2
IND,India,1975,50.8
IND,India,1976,51.4
IND,India,1977,51.9
IND,India,1978,52.5
IND,India,1979,53.1
IND,India,1980,53.6
IND,India,1981,54.2
IND,India,1982,54.7
IND,India,1983,55.3
IND,India,1984,55.8
IND,India,1985,56.3
IND,India,1986,56.8
IND,India,1987,57.3
IND,India,1988,57.8
IND,India,1989,58.2
IND,India,1990,58.7
IND,India,1991,59.1
IND,India,1992,59.5
IND,India,1993,59.8
IND,India,1994,60.2
IND,India,1995,60.6
IND,India,1996,61
IND,India,1997,61.4
IND,India,1998,61.8
IND,India,1999,62.2
IND,India,2000,62.7
IND,India,2001,63.1
IND,India,2002,63.6
IND,India,2003,64.1
IND,India,2004,64.5
IND,India,2005,65
IND,India,2006,65.4
IND,India,2007,65.8
IND,India,2008,66.1
IND,India,2009,66.5
IND,India,2010,66.9
IND,India,2011,67.4
IND,India,2012,67.9
IND,India,2013,68.5
IND,India,2014,69.1
IND,India,2015,69.6
IND,India,2016,70.1
IND,India,2017,70.5
IND,India,2018,70.7
IND,India,2019,70.9
IND,India,2020,70.2
IND,India,2021,67.2
IND,India,2022,67.7
IDN,Indonesia,1960,46.5
IDN,Indonesia,1961,47.1
IDN,Indonesia,1962,47.9
IDN,Indonesia,1963,48.4
IDN,Indonesia,1964,49.2
IDN,Indonesia,1965,42.6
IDN,Indonesia,1966,48.2
IDN,Indonesia,1967,51.1
IDN,Indonesia,1968,51.6
IDN,Indonesia,1969,52.4
IDN,Indonesia,1970,53
IDN,Indonesia,1971,53.6
IDN,Indonesia,1972,54.2
IDN,Indonesia,1973,54.9
IDN,Indonesia,1974,55.4
IDN,Indonesia,1975,56
IDN,Indonesia,1976,56.5
IDN,Indonesia,1977,57.1
IDN,Indonesia,1978,57.6
IDN,Indonesia,1979,58.2
IDN,Indonesia,1980,58.8
IDN,Indonesia,1981,59.1
IDN,Indonesia,1982,59.8
IDN,Indonesia,1983,60.3
IDN,Indonesia,1984,60.7
IDN,Indonesia,1985,61.3
IDN,Indonesia,1986,61.7
IDN,Indonesia,1987,62
IDN,Indonesia,1988,62.2
IDN,Indonesia,1989,62.7
IDN,Indonesia,1990,63.2
IDN,Indonesia,1991,63.5
IDN,Indonesia,1992,64.1
IDN,Indonesia,1993,64.6
IDN,Indonesia,1994,64.9
IDN,Indonesia,1995,65.2
IDN,Indonesia,1996,65.4
IDN,Indonesia,1997,65.7
IDN,Indonesia,1998,66
IDN,Indonesia,1999,66.2
IDN,Indonesia,2000,66.4
IDN,Indonesia,2001,66.8
IDN,Indonesia,2002,67.1
IDN,Indonesia,2003,67.4
IDN,Indonesia,2004,65.8
IDN,Indonesia,2005,67.6
IDN,Indonesia,2006,67.9
IDN,Indonesia,2007,68.2
IDN,Indonesia,2008,68.2
IDN,Indonesia,2009,68.5
IDN,Indonesia,2010,68.7
IDN,Indonesia,2011,68.8
IDN,Indonesia,2012,69
IDN,Indonesia,2013,69.3
IDN,Indonesia,2014,69.5
IDN,Indonesia,2015,69.7
IDN,Indonesia,2016,69.8
IDN,Indonesia,2017,69.9
IDN,Indonesia,2018,70.3
IDN,Indonesia,2019,70.5
IDN,Indonesia,2020,68.8
IDN,Indonesia,2021,67.6
IDN,Indonesia,2022,68.3
IRL,Ireland,1960,70
IRL,Ireland,1970,71.2
IRL,Ireland,1978,71.5
IRL,Ireland,1979,72.3
IRL,Ireland,1980,72.9
IRL,Ireland,1981,72.9
IRL,Ireland,1982,72.9
IRL,Ireland,1985,73.4
IRL,Ireland,1986,73.5
IRL,Ireland,1987,74.3
IRL,Ireland,1988,74.4
IRL,Ireland,1989,74.4
IRL,Ireland,1990,74.8
IRL,Ireland,1991,75
IRL,Ireland,1992,75.4
IRL,Ireland,1993,75.3
IRL,Ireland,1994,75.8
IRL,Ireland,1995,75.5
IRL,Ireland,1996,75.8
IRL,Ireland,1997,76
IRL,Ireland,1998,76.2
IRL,Ireland,1999,76.1
IRL,Ireland,2000,76.6
IRL,Ireland,2001,77.2
IRL,Ireland,2002,77.7
IRL,Ireland,2003,78.2
IRL,Ireland,2004,78.6
IRL,Ireland,2005,79
IRL,Ireland,2006,79.3
IRL,Ireland,2007,79.7
IRL,Ireland,2008,80.2
IRL,Ireland,2009,80.2
IRL,Ireland,2010,80.8
IRL,Ireland,2011,80.9
IRL,Ireland,2012,80.9
IRL,Ireland,2013,81
IRL,Ireland,2014,81.4
IRL,Ireland,2015,81.5
IRL,Ireland,2016,81.7
IRL,Ireland,2017,82.2
IRL,Ireland,2018,82.2
IRL,Ireland,2019,82.8
IRL,Ireland,2020,82.6
IRL,Ireland,2021,82.4
IRL,Ireland,2022,82.6
ISR,Israel,1971,71.8
ISR,Israel,1972,71.5
ISR,Israel,1973,71.7
ISR,Israel,1974,71.7
ISR,Israel,1975,72.1
ISR,Israel,1976,73
ISR,Israel,1977,73
ISR,Israel,1978,73.3
ISR,Israel,1979,73.6
ISR,Israel,1980,73.9
ISR,Israel,1981,74.3
ISR,Israel,1982,74.2
ISR,Israel,1983,74.5
ISR,Israel,1984,75
ISR,Israel,1985,75.4
ISR,Israel,1986,75.1
ISR,Israel,1987,75.4
ISR,Israel,1988,75.6
ISR,Israel,1989,76.2
ISR,Israel,1990,76.7
ISR,Israel,1991,76.8
ISR,Israel,1992,76.6
ISR,Israel,1993,77.2
ISR,Israel,1994,77.4
ISR,Israel,1995,77.4
ISR,Israel,1996,78.1
ISR,Israel,1997,78.1
ISR,Israel,1998,78.2
ISR,Israel,1999,78.5
ISR,Israel,2000,78.8
ISR,Israel,2001,79.3
ISR,Israel,2002,79.6
ISR,Israel,2003,79.8
ISR,Israel,2004,80.3
ISR,Israel,2005,80.3
ISR,Israel,2006,80.7
ISR,Israel,2007,80.7
ISR,Israel,2008,81.1
ISR,Israel,2009,81.5
ISR,Israel,2010,81.7
ISR,Israel,2011,81.8
ISR,Israel,2012,81.8
ISR,Israel,2013,82.1
ISR,Israel,2014,82.2
ISR,Israel,2015,82.2
ISR,Israel,2016,82.5
ISR,Israel,2017,82.7
ISR,Israel,2018,82.9
ISR,Israel,2019,82.9
ISR,Israel,2020,82.7
ISR,Israel,2021,82.6
ISR,Israel,2022,82.8
ITA,Italy,1961,69.8
ITA,Italy,1971,72
ITA,Italy,1974,72.6
ITA,Italy,1975,72.7
ITA,Italy,1976,72.8
ITA,Italy,1977,73.4
ITA,Italy,1978,73.8
ITA,Italy,1979,74.1
ITA,Italy,1980,74
ITA,Italy,1981,74.3
ITA,Italy,1982,74.7
ITA,Italy,1983,74.8
ITA,Italy,1984,75
ITA,Italy,1985,75.6
ITA,Italy,1986,75.9
ITA,Italy,1987,76.3
ITA,Italy,1988,76.5
ITA,Italy,1989,77
ITA,Italy,1990,77.1
ITA,Italy,1991,77.1
ITA,Italy,1992,77.5
ITA,Italy,1993,77.8
ITA,Italy,1994,78
ITA,Italy,1995,78.3
ITA,Italy,1996,78.7
ITA,Italy,1997,79
ITA,Italy,1998,79.1
ITA,Italy,1999,79.6
ITA,Italy,2000,79.9
ITA,Italy,2001,80.3
ITA,Italy,2002,80.4
ITA,Italy,2003,80.1
ITA,Italy,2004,80.9
ITA,Italy,2005,80.9
ITA,Italy,2006,81.4
ITA,Italy,2007,81.6
ITA,Italy,2008,81.7
ITA,Italy,2009,81.8
ITA,Italy,2010,82.2
ITA,Italy,2011,82.4
ITA,Italy,2012,82.4
ITA,Italy,2013,82.9
ITA,Italy,2014,83.2
ITA,Italy,2015,82.7
ITA,Italy,2016,83.4
ITA,Italy,2017,83.1
ITA,Italy,2018,83.4
ITA,Italy,2019,83.6
ITA,Italy,2020,82.3
ITA,Italy,2021,82.7
ITA,Italy,2022,82.8
ITA,Italy,2023,83.8
JPN,Japan,1960,67.8
JPN,Japan,1961,68.4
JPN,Japan,1962,68.7
JPN,Japan,1963,69.8
JPN,Japan,1964,70.3
JPN,Japan,1965,70.3
JPN,Japan,1966,71
JPN,Japan,1967,71.5
JPN,Japan,1968,71.7
JPN,Japan,1969,71.9
JPN,Japan,1970,72
JPN,Japan,1971,72.9
JPN,Japan,1972,73.2
JPN,Japan,1973,73.4
JPN,Japan,1974,73.7
JPN,Japan,1975,74.3
JPN,Japan,1976,74.8
JPN,Japan,1977,75.3
JPN,Japan,1978,75.7
JPN,Japan,1979,76.2
JPN,Japan,1980,76.1
JPN,Japan,1981,76.5
JPN,Japan,1982,76.9
JPN,Japan,1983,77
JPN,Japan,1984,77.4
JPN,Japan,1985,77.6
JPN,Japan,1986,78.1
JPN,Japan,1987,78.5
JPN,Japan,1988,78.4
JPN,Japan,1989,78.8
JPN,Japan,1990,78.9
JPN,Japan,1991,79.1
JPN,Japan,1992,79.2
JPN,Japan,1993,79.4
JPN,Japan,1994,79.8
JPN,Japan,1995,79.6
JPN,Japan,1996,80.3
JPN,Japan,1997,80.5
JPN,Japan,1998,80.6
JPN,Japan,1999,80.5
JPN,Japan,2000,81.2
JPN,Japan,2001,81.5
JPN,Japan,2002,81.8
JPN,Japan,2003,81.8
JPN,Japan,2004,82.1
JPN,Japan,2005,82
JPN,Japan,2006,82.4
JPN,Japan,2007,82.6
JPN,Japan,2008,82.7
JPN,Japan,2009,83
JPN,Japan,2010,82.9
JPN,Japan,2011,82.7
JPN,Japan,2012,83.2
JPN,Japan,2013,83.4
JPN,Japan,2014,83.7
JPN,Japan,2015,83.9
JPN,Japan,2016,84.1
JPN,Japan,2017,84.2
JPN,Japan,2018,84.3
JPN,Japan,2019,84.4
JPN,Japan,2020,84.6
JPN,Japan,2021,84.5
JPN,Japan,2022,84.1
KOR,Korea,1970,62.3
KOR,Korea,1971,62.7
KOR,Korea,1972,63.1
KOR,Korea,1973,63.5
KOR,Korea,1974,63.9
KOR,Korea,1975,64.2
KOR,Korea,1976,64.6
KOR,Korea,1977,65
KOR,Korea,1978,65.3
KOR,Korea,1979,65.6
KOR,Korea,1980,66.1
KOR,Korea,1981,66.7
KOR,Korea,1982,67.2
KOR,Korea,1983,67.7
KOR,Korea,1984,68.3
KOR,Korea,1985,68.9
KOR,Korea,1986,69.5
KOR,Korea,1987,70.1
KOR,Korea,1988,70.7
KOR,Korea,1989,71.2
KOR,Korea,1990,71.7
KOR,Korea,1991,72.2
KOR,Korea,1992,72.6
KOR,Korea,1993,73.1
KOR,Korea,1994,73.5
KOR,Korea,1995,73.8
KOR,Korea,1996,74.2
KOR,Korea,1997,74.7
KOR,Korea,1998,75.1
KOR,Korea,1999,75.5
KOR,Korea,2000,76
KOR,Korea,2001,76.5
KOR,Korea,2002,76.8
KOR,Korea,2003,77.3
KOR,Korea,2004,77.8
KOR,Korea,2005,78.2
KOR,Korea,2006,78.8
KOR,Korea,2007,79.2
KOR,Korea,2008,79.6
KOR,Korea,2009,80
KOR,Korea,2010,80.2
KOR,Korea,2011,80.6
KOR,Korea,2012,80.9
KOR,Korea,2013,81.4
KOR,Korea,2014,81.8
KOR,Korea,2015,82.1
KOR,Korea,2016,82.4
KOR,Korea,2017,82.7
KOR,Korea,2018,82.7
KOR,Korea,2019,83.3
KOR,Korea,2020,83.5
KOR,Korea,2021,83.6
KOR,Korea,2022,82.7
LVA,Latvia,2002,70.2
LVA,Latvia,2003,70.6
LVA,Latvia,2004,70.9
LVA,Latvia,2005,70.6
LVA,Latvia,2006,70.6
LVA,Latvia,2007,70.8
LVA,Latvia,2008,72.1
LVA,Latvia,2009,72.8
LVA,Latvia,2010,73.1
LVA,Latvia,2011,73.9
LVA,Latvia,2012,74.1
LVA,Latvia,2013,74.3
LVA,Latvia,2014,74.5
LVA,Latvia,2015,74.8
LVA,Latvia,2016,74.9
LVA,Latvia,2017,74.9
LVA,Latvia,2018,75.1
LVA,Latvia,2019,75.7
LVA,Latvia,2020,75.5
LVA,Latvia,2021,73.1
LVA,Latvia,2022,74.5
LVA,Latvia,2023,75.9
LTU,Lithuania,1970,71.1
LTU,Lithuania,1971,72
LTU,Lithuania,1972,71.3
LTU,Lithuania,1973,71.6
LTU,Lithuania,1974,71.6
LTU,Lithuania,1975,71.1
LTU,Lithuania,1976,71.1
LTU,Lithuania,1977,71
LTU,Lithuania,1978,70.7
LTU,Lithuania,1979,70.6
LTU,Lithuania,1980,70.5
LTU,Lithuania,1981,70.5
LTU,Lithuania,1982,70.9
LTU,Lithuania,1983,70.8
LTU,Lithuania,1984,70.3
LTU,Lithuania,1985,70.6
LTU,Lithuania,1986,72.3
LTU,Lithuania,1987,72.2
LTU,Lithuania,1988,72
LTU,Lithuania,1989,71.7
LTU,Lithuania,1990,71.5
LTU,Lithuania,1991,70.6
LTU,Lithuania,1992,70.5
LTU,Lithuania,1993,69
LTU,Lithuania,1994,68.6
LTU,Lithuania,1995,69.1
LTU,Lithuania,1996,70.3
LTU,Lithuania,1997,71.1
LTU,Lithuania,1998,71.4
LTU,Lithuania,1999,71.8
LTU,Lithuania,2000,72.1
LTU,Lithuania,2001,71.6
LTU,Lithuania,2002,71.8
LTU,Lithuania,2003,72
LTU,Lithuania,2004,72
LTU,Lithuania,2005,71.2
LTU,Lithuania,2006,71
LTU,Lithuania,2007,70.7
LTU,Lithuania,2008,71.7
LTU,Lithuania,2009,72.9
LTU,Lithuania,2010,73.3
LTU,Lithuania,2011,73.7
LTU,Lithuania,2012,74.1
LTU,Lithuania,2013,74.1
LTU,Lithuania,2014,74.7
LTU,Lithuania,2015,74.6
LTU,Lithuania,2016,74.9
LTU,Lithuania,2017,75.8
LTU,Lithuania,2018,76
LTU,Lithuania,2019,76.5
LTU,Lithuania,2020,75.1
LTU,Lithuania,2021,74.2
LTU,Lithuania,2022,75.8
LTU,Lithuania,2023,77.3
LUX,Luxembourg,1960,69.4
LUX,Luxembourg,1971,69.6
LUX,Luxembourg,1972,70.8
LUX,Luxembourg,1973,70.6
LUX,Luxembourg,1974,70.7
LUX,Luxembourg,1975,70.7
LUX,Luxembourg,1976,70.7
LUX,Luxembourg,1977,72.1
LUX,Luxembourg,1978,72
LUX,Luxembourg,1979,72.7
LUX,Luxembourg,1980,72.8
LUX,Luxembourg,1981,72.6
LUX,Luxembourg,1982,72.7
LUX,Luxembourg,1983,73.5
LUX,Luxembourg,1984,73.3
LUX,Luxembourg,1985,73.8
LUX,Luxembourg,1986,74.7
LUX,Luxembourg,1987,74.3
LUX,Luxembourg,1988,75
LUX,Luxembourg,1989,74.9
LUX,Luxembourg,1990,75.7
LUX,Luxembourg,1991,75.7
LUX,Luxembourg,1992,75.3
LUX,Luxembourg,1993,76
LUX,Luxembourg,1994,76.7
LUX,Luxembourg,1995,76.8
LUX,Luxembourg,1996,76.8
LUX,Luxembourg,1997,77.1
LUX,Luxembourg,1998,77.3
LUX,Luxembourg,1999,78
LUX,Luxembourg,2000,78
LUX,Luxembourg,2001,78
LUX,Luxembourg,2002,78.1
LUX,Luxembourg,2003,77.9
LUX,Luxembourg,2004,79.2
LUX,Luxembourg,2005,79.6
LUX,Luxembourg,2006,79.4
LUX,Luxembourg,2007,79.5
LUX,Luxembourg,2008,80.7
LUX,Luxembourg,2009,80.8
LUX,Luxembourg,2010,80.8
LUX,Luxembourg,2011,81.1
LUX,Luxembourg,2012,81.5
LUX,Luxembourg,2013,81.9
LUX,Luxembourg,2014,82.3
LUX,Luxembourg,2015,82.4
LUX,Luxembourg,2016,82.7
LUX,Luxembourg,2017,82.1
LUX,Luxembourg,2018,82.3
LUX,Luxembourg,2019,82.7
LUX,Luxembourg,2020,82.2
LUX,Luxembourg,2021,82.7
LUX,Luxembourg,2022,83
LUX,Luxembourg,2023,83.4
MEX,Mexico,1970,59.9
MEX,Mexico,1971,61.6
MEX,Mexico,1972,62
MEX,Mexico,1973,62.4
MEX,Mexico,1974,63.4
MEX,Mexico,1975,63.9
MEX,Mexico,1976,64.2
MEX,Mexico,1977,64.7
MEX,Mexico,1978,65.5
MEX,Mexico,1979,65.9
MEX,Mexico,1980,66.2
MEX,Mexico,1981,66.9
MEX,Mexico,1982,67.7
MEX,Mexico,1983,68.3
MEX,Mexico,1984,68.8
MEX,Mexico,1985,69
MEX,Mexico,1986,69.8
MEX,Mexico,1987,70.1
MEX,Mexico,1988,70.2
MEX,Mexico,1989,70.5
MEX,Mexico,1990,70.9
MEX,Mexico,1991,71.6
MEX,Mexico,1992,71.9
MEX,Mexico,1993,72
MEX,Mexico,1994,72.3
MEX,Mexico,1995,72.2
MEX,Mexico,1996,72.7
MEX,Mexico,1997,73.1
MEX,Mexico,1998,73.5
MEX,Mexico,1999,74
MEX,Mexico,2000,74.7
MEX,Mexico,2001,75
MEX,Mexico,2002,75.1
MEX,Mexico,2003,75.1
MEX,Mexico,2004,75.4
MEX,Mexico,2005,75.2
MEX,Mexico,2006,75.5
MEX,Mexico,2007,75.4
MEX,Mexico,2008,75.2
MEX,Mexico,2009,74.9
MEX,Mexico,2010,74.3
MEX,Mexico,2011,74.8
MEX,Mexico,2012,74.9
MEX,Mexico,2013,75.2
MEX,Mexico,2014,75.1
MEX,Mexico,2015,75.1
MEX,Mexico,2016,74.8
MEX,Mexico,2017,74.8
MEX,Mexico,2018,74.9
MEX,Mexico,2019,74.8
MEX,Mexico,2020,68.9
MEX,Mexico,2021,68.8
MEX,Mexico,2022,75.2
MEX,Mexico,2023,75.3
NLD,Netherlands,1960,73.5
NLD,Netherlands,1961,73.8
NLD,Netherlands,1962,73.4
NLD,Netherlands,1963,73.4
NLD,Netherlands,1964,73.8
NLD,Netherlands,1965,73.6
NLD,Netherlands,1966,73.6
NLD,Netherlands,1967,73.9
NLD,Netherlands,1968,73.7
NLD,Netherlands,1969,73.6
NLD,Netherlands,1970,73.7
NLD,Netherlands,1971,73.9
NLD,Netherlands,1972,73.8
NLD,Netherlands,1973,74.2
NLD,Netherlands,1974,74.6
NLD,Netherlands,1975,74.6
NLD,Netherlands,1976,74.7
NLD,Netherlands,1977,75.3
NLD,Netherlands,1978,75.3
NLD,Netherlands,1979,75.7
NLD,Netherlands,1980,75.9
NLD,Netherlands,1981,76
NLD,Netherlands,1982,76.1
NLD,Netherlands,1983,76.3
NLD,Netherlands,1984,76.4
NLD,Netherlands,1985,76.5
NLD,Netherlands,1986,76.4
NLD,Netherlands,1987,76.9
NLD,Netherlands,1988,77.1
NLD,Netherlands,1989,76.9
NLD,Netherlands,1990,77.1
NLD,Netherlands,1991,77.2
NLD,Netherlands,1992,77.4
NLD,Netherlands,1993,77.1
NLD,Netherlands,1994,77.6
NLD,Netherlands,1995,77.6
NLD,Netherlands,1996,77.6
NLD,Netherlands,1997,78
NLD,Netherlands,1998,78.1
NLD,Netherlands,1999,78
NLD,Netherlands,2000,78.2
NLD,Netherlands,2001,78.4
NLD,Netherlands,2002,78.5
NLD,Netherlands,2003,78.7
NLD,Netherlands,2004,79.3
NLD,Netherlands,2005,79.6
NLD,Netherlands,2006,80
NLD,Netherlands,2007,80.4
NLD,Netherlands,2008,80.5
NLD,Netherlands,2009,80.9
NLD,Netherlands,2010,81
NLD,Netherlands,2011,81.3
NLD,Netherlands,2012,81.2
NLD,Netherlands,2013,81.4
NLD,Netherlands,2014,81.8
NLD,Netherlands,2015,81.6
NLD,Netherlands,2016,81.7
NLD,Netherlands,2017,81.8
NLD,Netherlands,2018,81.9
NLD,Netherlands,2019,82.2
NLD,Netherlands,2020,81.4
NLD,Netherlands,2021,81.4
NLD,Netherlands,2022,81.7
NLD,Netherlands,2023,82
NZL,New Zealand,1961,71.1
NZL,New Zealand,1962,71.2
NZL,New Zealand,1963,71.2
NZL,New Zealand,1964,71.2
NZL,New Zealand,1965,71.2
NZL,New Zealand,1966,71.3
NZL,New Zealand,1967,71.4
NZL,New Zealand,1968,71.4
NZL,New Zealand,1969,71.5
NZL,New Zealand,1970,71.5
NZL,New Zealand,1971,71.6
NZL,New Zealand,1972,71.7
NZL,New Zealand,1973,71.8
NZL,New Zealand,1974,72
NZL,New Zealand,1975,72.1
NZL,New Zealand,1976,72.3
NZL,New Zealand,1977,72.5
NZL,New Zealand,1978,72.7
NZL,New Zealand,1979,72.9
NZL,New Zealand,1980,73.2
NZL,New Zealand,1981,73.4
NZL,New Zealand,1982,73.6
NZL,New Zealand,1983,73.7
NZL,New Zealand,1984,73.8
NZL,New Zealand,1985,74
NZL,New Zealand,1986,74.1
NZL,New Zealand,1987,74.5
NZL,New Zealand,1988,74.8
NZL,New Zealand,1989,75.2
NZL,New Zealand,1990,75.5
NZL,New Zealand,1991,75.8
NZL,New Zealand,1992,76.1
NZL,New Zealand,1993,76.3
NZL,New Zealand,1994,76.6
NZL,New Zealand,1995,76.8
NZL,New Zealand,1996,77.1
NZL,New Zealand,1997,77.4
NZL,New Zealand,1998,77.7
NZL,New Zealand,1999,78.1
NZL,New Zealand,2000,78.4
NZL,New Zealand,2001,78.7
NZL,New Zealand,2002,79
NZL,New Zealand,2003,79.3
NZL,New Zealand,2004,79.6
NZL,New Zealand,2005,79.8
NZL,New Zealand,2006,80.1
NZL,New Zealand,2007,80.3
NZL,New Zealand,2008,80.5
NZL,New Zealand,2009,80.7
NZL,New Zealand,2010,80.8
NZL,New Zealand,2011,81
NZL,New Zealand,2012,81.2
NZL,New Zealand,2013,81.4
NZL,New Zealand,2014,81.4
NZL,New Zealand,2015,81.5
NZL,New Zealand,2016,81.6
NZL,New Zealand,2017,81.7
NZL,New Zealand,2018,81.7
NZL,New Zealand,2019,82.1
NZL,New Zealand,2020,82.3
NZL,New Zealand,2021,82.3
NZL,New Zealand,2022,82
NOR,Norway,1960,73.8
NOR,Norway,1961,73.8
NOR,Norway,1962,73.7
NOR,Norway,1963,73.3
NOR,Norway,1964,73.8
NOR,Norway,1965,74
NOR,Norway,1966,74.2
NOR,Norway,1967,74.2
NOR,Norway,1968,74.1
NOR,Norway,1969,73.8
NOR,Norway,1970,74.3
NOR,Norway,1971,74.4
NOR,Norway,1972,74.5
NOR,Norway,1973,74.6
NOR,Norway,1974,75
NOR,Norway,1975,75
NOR,Norway,1976,75.2
NOR,Norway,1977,75.6
NOR,Norway,1978,75.7
NOR,Norway,1979,75.6
NOR,Norway,1980,75.8
NOR,Norway,1981,76
NOR,Norway,1982,76.1
NOR,Norway,1983,76.2
NOR,Norway,1984,76.3
NOR,Norway,1985,76
NOR,Norway,1986,76.4
NOR,Norway,1987,76.2
NOR,Norway,1988,76.3
NOR,Norway,1989,76.6
NOR,Norway,1990,76.6
NOR,Norway,1991,77.1
NOR,Norway,1992,77.3
NOR,Norway,1993,77.2
NOR,Norway,1994,77.9
NOR,Norway,1995,77.9
NOR,Norway,1996,78.3
NOR,Norway,1997,78.3
NOR,Norway,1998,78.5
NOR,Norway,1999,78.4
NOR,Norway,2000,78.8
NOR,Norway,2001,79
NOR,Norway,2002,79
NOR,Norway,2003,79.6
NOR,Norway,2004,80.1
NOR,Norway,2005,80.3
NOR,Norway,2006,80.6
NOR,Norway,2007,80.6
NOR,Norway,2008,80.8
NOR,Norway,2009,81
NOR,Norway,2010,81.2
NOR,Norway,2011,81.4
NOR,Norway,2012,81.5
NOR,Norway,2013,81.8
NOR,Norway,2014,82.2
NOR,Norway,2015,82.4
NOR,Norway,2016,82.5
NOR,Norway,2017,82.7
NOR,Norway,2018,82.8
NOR,Norway,2019,83
NOR,Norway,2020,83.3
NOR,Norway,2021,83.2
NOR,Norway,2022,82.6
PER,Peru,1960,50.5
PER,Peru,1961,51.1
PER,Peru,1962,51.3
PER,Peru,1963,52.2
PER,Peru,1964,52.7
PER,Peru,1965,53.2
PER,Peru,1966,53.7
PER,Peru,1967,54.2
PER,Peru,1968,54.7
PER,Peru,1969,55.3
PER,Peru,1970,47.2
PER,Peru,1971,56.2
PER,Peru,1972,56.7
PER,Peru,1973,57.1
PER,Peru,1974,57.5
PER,Peru,1975,57.9
PER,Peru,1976,58.3
PER,Peru,1977,58.6
PER,Peru,1978,59
PER,Peru,1979,59.3
PER,Peru,1980,59.6
PER,Peru,1981,59.8
PER,Peru,1982,60
PER,Peru,1983,60.2
PER,Peru,1984,60.5
PER,Peru,1985,61.3
PER,Peru,1986,62
PER,Peru,1987,62.8
PER,Peru,1988,63.6
PER,Peru,1989,64.4
PER,Peru,1990,65.1
PER,Peru,1991,65.4
PER,Peru,1992,66.1
PER,Peru,1993,66.7
PER,Peru,1994,67.2
PER,Peru,1995,67.6
PER,Peru,1996,68.1
PER,Peru,1997,68.6
PER,Peru,1998,69.1
PER,Peru,1999,69.7
PER,Peru,2000,70.4
PER,Peru,2001,71
PER,Peru,2002,71.7
PER,Peru,2003,72.2
PER,Peru,2004,72.7
PER,Peru,2005,73
PER,Peru,2006,73.2
PER,Peru,2007,73.2
PER,Peru,2008,73.4
PER,Peru,2009,73.5
PER,Peru,2010,73.7
PER,Peru,2011,74.1
PER,Peru,2012,74.5
PER,Peru,2013,75
PER,Peru,2014,75.3
PER,Peru,2015,75.6
PER,Peru,2016,75.8
PER,Peru,2017,75.9
PER,Peru,2018,76
PER,Peru,2019,76.2
PER,Peru,2020,73.7
PER,Peru,2021,72.4
PER,Peru,2022,73.4
POL,Poland,1960,67.8
POL,Poland,1961,67.8
POL,Poland,1962,67.5
POL,Poland,1963,68.5
POL,Poland,1964,68.7
POL,Poland,1965,69.5
POL,Poland,1966,69.9
POL,Poland,1967,69.5
POL,Poland,1968,70.3
POL,Poland,1969,69.8
POL,Poland,1970,70
POL,Poland,1971,69.7
POL,Poland,1972,70.7
POL,Poland,1973,70.7
POL,Poland,1974,71.2
POL,Poland,1975,70.6
POL,Poland,1976,70.7
POL,Poland,1977,70.5
POL,Poland,1978,70.4
POL,Poland,1979,70.9
POL,Poland,1980,70.2
POL,Poland,1981,71.2
POL,Poland,1982,71.2
POL,Poland,1983,71.1
POL,Poland,1984,70.9
POL,Poland,1985,71.1
POL,Poland,1986,71
POL,Poland,1987,71.5
POL,Poland,1988,71.5
POL,Poland,1989,71.2
POL,Poland,1990,70.7
POL,Poland,1991,70.4
POL,Poland,1992,71
POL,Poland,1993,71.5
POL,Poland,1994,71.8
POL,Poland,1995,72
POL,Poland,1996,72.3
POL,Poland,1997,72.7
POL,Poland,1998,73.1
POL,Poland,1999,73.1
POL,Poland,2000,73.8
POL,Poland,2001,74.2
POL,Poland,2002,74.5
POL,Poland,2003,74.7
POL,Poland,2004,74.9
POL,Poland,2005,75
POL,Poland,2006,75.3
POL,Poland,2007,75.4
POL,Poland,2008,75.6
POL,Poland,2009,75.9
POL,Poland,2010,76.4
POL,Poland,2011,76.8
POL,Poland,2012,76.9
POL,Poland,2013,77.1
POL,Poland,2014,77.8
POL,Poland,2015,77.5
POL,Poland,2016,78
POL,Poland,2017,77.8
POL,Poland,2018,77.7
POL,Poland,2019,78
POL,Poland,2020,76.4
POL,Poland,2021,75.4
POL,Poland,2022,77.2
POL,Poland,2023,78.6
PRT,Portugal,1960,64
PRT,Portugal,1961,62.7
PRT,Portugal,1962,64.2
PRT,Portugal,1963,64.8
PRT,Portugal,1964,64.9
PRT,Portugal,1965,65.8
PRT,Portugal,1966,65.3
PRT,Portugal,1967,66.1
PRT,Portugal,1968,66.4
PRT,Portugal,1969,66
PRT,Portugal,1970,66.7
PRT,Portugal,1971,66.4
PRT,Portugal,1972,68.4
PRT,Portugal,1973,67.6
PRT,Portugal,1974,68.2
PRT,Portugal,1975,68.4
PRT,Portugal,1976,69
PRT,Portugal,1977,70.1
PRT,Portugal,1978,70.5
PRT,Portugal,1979,71.3
PRT,Portugal,1980,71.5
PRT,Portugal,1981,71.8
PRT,Portugal,1982,72.5
PRT,Portugal,1983,72.4
PRT,Portugal,1984,72.7
PRT,Portugal,1985,73
PRT,Portugal,1986,73.4
PRT,Portugal,1987,73.8
PRT,Portugal,1988,73.8
PRT,Portugal,1989,74.4
PRT,Portugal,1990,74.1
PRT,Portugal,1991,74.1
PRT,Portugal,1992,74.7
PRT,Portugal,1993,74.6
PRT,Portugal,1994,75.5
PRT,Portugal,1995,75.4
PRT,Portugal,1996,75.3
PRT,Portugal,1997,75.8
PRT,Portugal,1998,76
PRT,Portugal,1999,76.2
PRT,Portugal,2000,76.8
PRT,Portugal,2001,77.2
PRT,Portugal,2002,77.4
PRT,Portugal,2003,77.5
PRT,Portugal,2004,78.4
PRT,Portugal,2005,78.2
PRT,Portugal,2006,79
PRT,Portugal,2007,79.3
PRT,Portugal,2008,79.5
PRT,Portugal,2009,79.7
PRT,Portugal,2010,80.1
PRT,Portugal,2011,80.7
PRT,Portugal,2012,80.6
PRT,Portugal,2013,80.9
PRT,Portugal,2014,81.3
PRT,Portugal,2015,81.3
PRT,Portugal,2016,81.3
PRT,Portugal,2017,81.6
PRT,Portugal,2018,81.5
PRT,Portugal,2019,81.9
PRT,Portugal,2020,81.1
PRT,Portugal,2021,81.5
PRT,Portugal,2022,81.8
PRT,Portugal,2023,82.4
ROU,Romania,1968,68.2
ROU,Romania,1969,67.4
ROU,Romania,1970,68.2
ROU,Romania,1971,68.7
ROU,Romania,1972,69.2
ROU,Romania,1973,68.8
ROU,Romania,1974,69.7
ROU,Romania,1975,69.8
ROU,Romania,1976,70
ROU,Romania,1977,69.8
ROU,Romania,1978,69.8
ROU,Romania,1979,69.5
ROU,Romania,1980,69.2
ROU,Romania,1981,69.5
ROU,Romania,1982,69.8
ROU,Romania,1983,69.8
ROU,Romania,1984,69.8
ROU,Romania,1985,69.3
ROU,Romania,1986,69.7
ROU,Romania,1987,69
ROU,Romania,1988,69.4
ROU,Romania,1989,69.7
ROU,Romania,1990,69.9
ROU,Romania,1991,70.1
ROU,Romania,1992,69.5
ROU,Romania,1993,69.5
ROU,Romania,1994,69.4
ROU,Romania,1995,69.3
ROU,Romania,1996,68.8
ROU,Romania,1997,69.1
ROU,Romania,1998,69.9
ROU,Romania,1999,70.6
ROU,Romania,2000,71.2
ROU,Romania,2001,71.1
ROU,Romania,2002,70.9
ROU,Romania,2003,71
ROU,Romania,2004,71.4
ROU,Romania,2005,71.9
ROU,Romania,2006,72.5
ROU,Romania,2007,73.1
ROU,Romania,2008,73.5
ROU,Romania,2009,73.7
ROU,Romania,2010,73.7
ROU,Romania,2011,74.4
ROU,Romania,2012,74.4
ROU,Romania,2013,75.1
ROU,Romania,2014,75
ROU,Romania,2015,74.9
ROU,Romania,2016,75.2
ROU,Romania,2017,75.2
ROU,Romania,2018,75.3
ROU,Romania,2019,75.6
ROU,Romania,2020,74.2
ROU,Romania,2021,72.8
ROU,Romania,2022,75.1
ROU,Romania,2023,76.6
RUS,Russia,1960,66.2
RUS,Russia,1961,66.7
RUS,Russia,1962,67.1
RUS,Russia,1963,67.4
RUS,Russia,1964,67.7
RUS,Russia,1965,67.8
RUS,Russia,1966,67.9
RUS,Russia,1967,68
RUS,Russia,1968,68
RUS,Russia,1969,68
RUS,Russia,1970,68.3
RUS,Russia,1971,68.5
RUS,Russia,1972,68.4
RUS,Russia,1973,68.4
RUS,Russia,1974,68.5
RUS,Russia,1975,67.9
RUS,Russia,1976,67.6
RUS,Russia,1977,67.5
RUS,Russia,1978,67.5
RUS,Russia,1979,67.3
RUS,Russia,1980,67.2
RUS,Russia,1981,67.4
RUS,Russia,1982,68
RUS,Russia,1983,67.8
RUS,Russia,1984,67.3
RUS,Russia,1985,68
RUS,Russia,1986,69.5
RUS,Russia,1987,69.6
RUS,Russia,1988,69.6
RUS,Russia,1989,69.3
RUS,Russia,1990,69
RUS,Russia,1991,68.8
RUS,Russia,1992,67.8
RUS,Russia,1993,65.3
RUS,Russia,1994,64.3
RUS,Russia,1995,64.9
RUS,Russia,1996,66
RUS,Russia,1997,66.9
RUS,Russia,1998,67.2
RUS,Russia,1999,66.1
RUS,Russia,2000,65.7
RUS,Russia,2001,65.6
RUS,Russia,2002,65.3
RUS,Russia,2003,65.2
RUS,Russia,2004,65.6
RUS,Russia,2005,65.7
RUS,Russia,2006,66.9
RUS,Russia,2007,67.7
RUS,Russia,2008,68.1
RUS,Russia,2009,68.8
RUS,Russia,2010,69
RUS,Russia,2011,69.8
RUS,Russia,2012,70.2
RUS,Russia,2013,70.7
RUS,Russia,2014,70.9
RUS,Russia,2015,71.3
RUS,Russia,2016,71.8
RUS,Russia,2017,72.6
RUS,Russia,2018,72.8
RUS,Russia,2019,73.2
SVK,Slovak Republic,1960,70.3
SVK,Slovak Republic,1961,70.9
SVK,Slovak Republic,1962,70.4
SVK,Slovak Republic,1963,70.8
SVK,Slovak Republic,1964,71.2
SVK,Slovak Republic,1965,70.4
SVK,Slovak Republic,1966,70.5
SVK,Slovak Republic,1967,71.1
SVK,Slovak Republic,1968,70.6
SVK,Slovak Republic,1969,70
SVK,Slovak Republic,1970,69.8
SVK,Slovak Republic,1971,69.9
SVK,Slovak Republic,1972,70.3
SVK,Slovak Republic,1973,70
SVK,Slovak Republic,1974,70.2
SVK,Slovak Republic,1975,70.3
SVK,Slovak Republic,1976,70.5
SVK,Slovak Republic,1977,70.4
SVK,Slovak Republic,1978,70.5
SVK,Slovak Republic,1979,70.8
SVK,Slovak Republic,1980,70.4
SVK,Slovak Republic,1981,70.7
SVK,Slovak Republic,1982,70.9
SVK,Slovak Republic,1983,70.6
SVK,Slovak Republic,1984,70.8
SVK,Slovak Republic,1985,70.9
SVK,Slovak Republic,1986,71.1
SVK,Slovak Republic,1987,71.3
SVK,Slovak Republic,1988,71.4
SVK,Slovak Republic,1989,71.2
SVK,Slovak Republic,1990,71.1
SVK,Slovak Republic,1991,71.1
SVK,Slovak Republic,1992,71.5
SVK,Slovak Republic,1993,72
SVK,Slovak Republic,1994,72.5
SVK,Slovak Republic,1995,72.4
SVK,Slovak Republic,1996,72.9
SVK,Slovak Republic,1997,72.9
SVK,Slovak Republic,1998,72.8
SVK,Slovak Republic,1999,73.2
SVK,Slovak Republic,2000,73.3
SVK,Slovak Republic,2001,73.6
SVK,Slovak Republic,2002,73.8
SVK,Slovak Republic,2003,73.8
SVK,Slovak Republic,2004,74.2
SVK,Slovak Republic,2005,74.1
SVK,Slovak Republic,2006,74.5
SVK,Slovak Republic,2007,74.6
SVK,Slovak Republic,2008,74.9
SVK,Slovak Republic,2009,75.3
SVK,Slovak Republic,2010,75.6
SVK,Slovak Republic,2011,76.1
SVK,Slovak Republic,2012,76.3
SVK,Slovak Republic,2013,76.6
SVK,Slovak Republic,2014,77
SVK,Slovak Republic,2015,76.7
SVK,Slovak Republic,2016,77.3
SVK,Slovak Republic,2017,77.3
SVK,Slovak Republic,2018,77.4
SVK,Slovak Republic,2019,77.8
SVK,Slovak Republic,2020,77
SVK,Slovak Republic,2021,74.6
SVK,Slovak Republic,2022,77
SVK,Slovak Republic,2023,78.1
SVN,Slovenia,1970,68.7
SVN,Slovenia,1982,71.2
SVN,Slovenia,1983,71
SVN,Slovenia,1984,71.4
SVN,Slovenia,1985,71.9
SVN,Slovenia,1986,72.5
SVN,Slovenia,1987,72.4
SVN,Slovenia,1988,73.1
SVN,Slovenia,1989,73.5
SVN,Slovenia,1990,73.9
SVN,Slovenia,1991,73.6
SVN,Slovenia,1992,73.7
SVN,Slovenia,1993,73.6
SVN,Slovenia,1994,74
SVN,Slovenia,1995,74.7
SVN,Slovenia,1996,75.2
SVN,Slovenia,1997,75.2
SVN,Slovenia,1998,75.3
SVN,Slovenia,1999,75.7
SVN,Slovenia,2000,76.2
SVN,Slovenia,2001,76.4
SVN,Slovenia,2002,76.6
SVN,Slovenia,2003,76.4
SVN,Slovenia,2004,77.2
SVN,Slovenia,2005,77.5
SVN,Slovenia,2006,78.3
SVN,Slovenia,2007,78.4
SVN,Slovenia,2008,79.1
SVN,Slovenia,2009,79.4
SVN,Slovenia,2010,79.8
SVN,Slovenia,2011,80.1
SVN,Slovenia,2012,80.3
SVN,Slovenia,2013,80.5
SVN,Slovenia,2014,81.2
SVN,Slovenia,2015,80.9
SVN,Slovenia,2016,81.2
SVN,Slovenia,2017,81.2
SVN,Slovenia,2018,81.5
SVN,Slovenia,2019,81.6
SVN,Slovenia,2020,80.6
SVN,Slovenia,2021,80.7
SVN,Slovenia,2022,81.3
SVN,Slovenia,2023,82
ZAF,South Africa,1960,52.7
ZAF,South Africa,1961,53.1
ZAF,South Africa,1962,53.4
ZAF,South Africa,1963,53.6
ZAF,South Africa,1964,53.9
ZAF,South Africa,1965,54.2
ZAF,South Africa,1966,54.4
ZAF,South Africa,1967,54.6
ZAF,South Africa,1968,54.9
ZAF,South Africa,1969,55.2
ZAF,South Africa,1970,55.6
ZAF,South Africa,1971,56
ZAF,South Africa,1972,56.3
ZAF,South Africa,1973,56.7
ZAF,South Africa,1974,57.1
ZAF,South Africa,1975,57.5
ZAF,South Africa,1976,58
ZAF,South Africa,1977,58.5
ZAF,South Africa,1978,59
ZAF,South Africa,1979,59.4
ZAF,South Africa,1980,59.8
ZAF,South Africa,1981,60.4
ZAF,South Africa,1982,60.9
ZAF,South Africa,1983,61.5
ZAF,South Africa,1984,61.9
ZAF,South Africa,1985,62.4
ZAF,South Africa,1986,62.9
ZAF,South Africa,1987,63
ZAF,South Africa,1988,63.3
ZAF,South Africa,1989,63.3
ZAF,South Africa,1990,63.4
ZAF,South Africa,1991,63.3
ZAF,South Africa,1992,63.3
ZAF,South Africa,1993,63
ZAF,South Africa,1994,62.6
ZAF,South Africa,1995,62.3
ZAF,South Africa,1996,61.5
ZAF,South Africa,1997,60.8
ZAF,South Africa,1998,60
ZAF,South Africa,1999,59.2
ZAF,South Africa,2000,58.5
ZAF,South Africa,2001,57.3
ZAF,South Africa,2002,55.7
ZAF,South Africa,2003,54.3
ZAF,South Africa,2004,54
ZAF,South Africa,2005,54
ZAF,South Africa,2006,54.3
ZAF,South Africa,2007,55
ZAF,South Africa,2008,56
ZAF,South Africa,2009,57.4
ZAF,South Africa,2010,58.9
ZAF,South Africa,2011,60.7
ZAF,South Africa,2012,61.8
ZAF,South Africa,2013,62.5
ZAF,South Africa,2014,63.4
ZAF,South Africa,2015,64
ZAF,South Africa,2016,64.7
ZAF,South Africa,2017,65.4
ZAF,South Africa,2018,65.7
ZAF,South Africa,2019,66.2
ZAF,South Africa,2020,65.3
ZAF,South Africa,2021,62.3
ZAF,South Africa,2022,61.5
ESP,Spain,1960,69.8
ESP,Spain,1970,72
ESP,Spain,1975,73.4
ESP,Spain,1976,73.7
ESP,Spain,1977,74.2
ESP,Spain,1978,74.4
ESP,Spain,1979,75
ESP,Spain,1980,75.5
ESP,Spain,1981,75.7
ESP,Spain,1982,76.3
ESP,Spain,1983,76.1
ESP,Spain,1984,76.4
ESP,Spain,1985,76.4
ESP,Spain,1986,76.7
ESP,Spain,1987,76.9
ESP,Spain,1988,76.9
ESP,Spain,1989,77
ESP,Spain,1990,76.9
ESP,Spain,1991,77.1
ESP,Spain,1992,77.6
ESP,Spain,1993,77.7
ESP,Spain,1994,78
ESP,Spain,1995,78.1
ESP,Spain,1996,78.3
ESP,Spain,1997,78.8
ESP,Spain,1998,78.8
ESP,Spain,1999,78.8
ESP,Spain,2000,79.3
ESP,Spain,2001,79.8
ESP,Spain,2002,79.8
ESP,Spain,2003,79.7
ESP,Spain,2004,80.4
ESP,Spain,2005,80.3
ESP,Spain,2006,81.1
ESP,Spain,2007,81.1
ESP,Spain,2008,81.5
ESP,Spain,2009,81.9
ESP,Spain,2010,82.4
ESP,Spain,2011,82.6
ESP,Spain,2012,82.5
ESP,Spain,2013,83.2
ESP,Spain,2014,83.3
ESP,Spain,2015,83
ESP,Spain,2016,83.5
ESP,Spain,2017,83.4
ESP,Spain,2018,83.5
ESP,Spain,2019,84
ESP,Spain,2020,82.4
ESP,Spain,2021,83.3
ESP,Spain,2022,83.2
ESP,Spain,2023,84
SWE,Sweden,1960,73.1
SWE,Sweden,1961,73.5
SWE,Sweden,1962,73.4
SWE,Sweden,1963,73.6
SWE,Sweden,1964,73.8
SWE,Sweden,1965,73.9
SWE,Sweden,1966,74.2
SWE,Sweden,1967,74.2
SWE,Sweden,1968,74
SWE,Sweden,1969,74.1
SWE,Sweden,1970,74.7
SWE,Sweden,1971,74.7
SWE,Sweden,1972,74.8
SWE,Sweden,1973,74.9
SWE,Sweden,1974,75
SWE,Sweden,1975,75
SWE,Sweden,1976,75
SWE,Sweden,1977,75.5
SWE,Sweden,1978,75.5
SWE,Sweden,1979,75.6
SWE,Sweden,1980,75.8
SWE,Sweden,1981,76.1
SWE,Sweden,1982,76.4
SWE,Sweden,1983,76.7
SWE,Sweden,1984,76.9
SWE,Sweden,1985,76.8
SWE,Sweden,1986,77
SWE,Sweden,1987,77.2
SWE,Sweden,1988,77.1
SWE,Sweden,1989,77.8
SWE,Sweden,1990,77.7
SWE,Sweden,1991,77.8
SWE,Sweden,1992,78.2
SWE,Sweden,1993,78.2
SWE,Sweden,1994,78.9
SWE,Sweden,1995,79
SWE,Sweden,1996,79.2
SWE,Sweden,1997,79.4
SWE,Sweden,1998,79.5
SWE,Sweden,1999,79.6
SWE,Sweden,2000,79.8
SWE,Sweden,2001,79.9
SWE,Sweden,2002,80
SWE,Sweden,2003,80.3
SWE,Sweden,2004,80.7
SWE,Sweden,2005,80.7
SWE,Sweden,2006,81
SWE,Sweden,2007,81.1
SWE,Sweden,2008,81.3
SWE,Sweden,2009,81.5
SWE,Sweden,2010,81.6
SWE,Sweden,2011,81.9
SWE,Sweden,2012,81.8
SWE,Sweden,2013,82
SWE,Sweden,2014,82.3
SWE,Sweden,2015,82.2
SWE,Sweden,2016,82.4
SWE,Sweden,2017,82.5
SWE,Sweden,2018,82.6
SWE,Sweden,2019,83.2
SWE,Sweden,2020,82.4
SWE,Sweden,2021,83.1
SWE,Sweden,2022,83.1
SWE,Sweden,2023,83.4
CHE,Switzerland,1960,71.4
CHE,Switzerland,1961,71.8
CHE,Switzerland,1962,71.3
CHE,Switzerland,1963,71.3
CHE,Switzerland,1964,72.2
CHE,Switzerland,1965,72.3
CHE,Switzerland,1966,72.5
CHE,Switzerland,1967,72.8
CHE,Switzerland,1968,72.7
CHE,Switzerland,1969,72.7
CHE,Switzerland,1970,73.2
CHE,Switzerland,1971,73.3
CHE,Switzerland,1972,73.8
CHE,Switzerland,1973,74.1
CHE,Switzerland,1974,74.5
CHE,Switzerland,1975,74.9
CHE,Switzerland,1976,75
CHE,Switzerland,1977,75.5
CHE,Switzerland,1978,75.4
CHE,Switzerland,1979,75.7
CHE,Switzerland,1980,75.7
CHE,Switzerland,1981,75.9
CHE,Switzerland,1982,76.3
CHE,Switzerland,1983,76.2
CHE,Switzerland,1984,76.9
CHE,Switzerland,1985,77
CHE,Switzerland,1986,77.2
CHE,Switzerland,1987,77.5
CHE,Switzerland,1988,77.5
CHE,Switzerland,1989,77.7
CHE,Switzerland,1990,77.5
CHE,Switzerland,1991,77.8
CHE,Switzerland,1992,78.1
CHE,Switzerland,1993,78.4
CHE,Switzerland,1994,78.7
CHE,Switzerland,1995,78.7
CHE,Switzerland,1996,79.2
CHE,Switzerland,1997,79.4
CHE,Switzerland,1998,79.6
CHE,Switzerland,1999,79.9
CHE,Switzerland,2000,80
CHE,Switzerland,2001,80.5
CHE,Switzerland,2002,80.6
CHE,Switzerland,2003,80.7
CHE,Switzerland,2004,81.3
CHE,Switzerland,2005,81.5
CHE,Switzerland,2006,81.8
CHE,Switzerland,2007,82
CHE,Switzerland,2008,82.3
CHE,Switzerland,2009,82.3
CHE,Switzerland,2010,82.7
CHE,Switzerland,2011,82.8
CHE,Switzerland,2012,82.8
CHE,Switzerland,2013,82.9
CHE,Switzerland,2014,83.3
CHE,Switzerland,2015,83
CHE,Switzerland,2016,83.7
CHE,Switzerland,2017,83.7
CHE,Switzerland,2018,83.8
CHE,Switzerland,2019,84
CHE,Switzerland,2020,83.1
CHE,Switzerland,2021,83.9
CHE,Switzerland,2022,83.7
CHE,Switzerland,2023,84.2
TUR,Türkiye,1960,48.3
TUR,Türkiye,1961,49
TUR,Türkiye,1962,49.7
TUR,Türkiye,1963,50.3
TUR,Türkiye,1964,51
TUR,Türkiye,1965,51.6
TUR,Türkiye,1966,52.2
TUR,Türkiye,1967,52.9
TUR,Türkiye,1968,53.4
TUR,Türkiye,1969,53.8
TUR,Türkiye,1970,54.2
TUR,Türkiye,1971,54.6
TUR,Türkiye,1972,55
TUR,Türkiye,1973,55.4
TUR,Türkiye,1974,55.7
TUR,Türkiye,1975,56.1
TUR,Türkiye,1976,56.5
TUR,Türkiye,1977,56.9
TUR,Türkiye,1978,57.3
TUR,Türkiye,1979,57.7
TUR,Türkiye,1980,58.1
TUR,Türkiye,1981,58.5
TUR,Türkiye,1982,58.9
TUR,Türkiye,1983,59.7
TUR,Türkiye,1984,60.9
TUR,Türkiye,1985,62.1
TUR,Türkiye,1986,63.2
TUR,Türkiye,1987,64.4
TUR,Türkiye,1988,65.2
TUR,Türkiye,1989,65.7
TUR,Türkiye,1990,67.5
TUR,Türkiye,1991,67.8
TUR,Türkiye,1992,68.2
TUR,Türkiye,1993,68.5
TUR,Türkiye,1994,68.9
TUR,Türkiye,1995,69.3
TUR,Türkiye,1996,69.7
TUR,Türkiye,1997,70.1
TUR,Türkiye,1998,70.3
TUR,Türkiye,1999,70.7
TUR,Türkiye,2000,71.1
TUR,Türkiye,2001,71.5
TUR,Türkiye,2002,71.9
TUR,Türkiye,2003,72.3
TUR,Türkiye,2004,72.7
TUR,Türkiye,2005,73.1
TUR,Türkiye,2006,73.4
TUR,Türkiye,2007,73.7
TUR,Türkiye,2008,73.9
TUR,Türkiye,2009,74.1
TUR,Türkiye,2010,74.3
TUR,Türkiye,2011,74.6
TUR,Türkiye,2012,74.6
TUR,Türkiye,2013,78
TUR,Türkiye,2014,78
TUR,Türkiye,2015,78
TUR,Türkiye,2016,78
TUR,Türkiye,2017,78.1
TUR,Türkiye,2018,78.3
TUR,Türkiye,2019,78.6
TUR,Türkiye,2020,77.7
TUR,Türkiye,2021,77.5
TUR,Türkiye,2022,77.3
GBR,United Kingdom,1960,70.8
GBR,United Kingdom,1961,70.7
GBR,United Kingdom,1970,71.9
GBR,United Kingdom,1971,71.9
GBR,United Kingdom,1980,73.6
GBR,United Kingdom,1981,73.9
GBR,United Kingdom,1982,74
GBR,United Kingdom,1983,74.3
GBR,United Kingdom,1984,74.6
GBR,United Kingdom,1985,74.5
GBR,United Kingdom,1986,74.8
GBR,United Kingdom,1987,75.1
GBR,United Kingdom,1988,75.2
GBR,United Kingdom,1989,75.4
GBR,United Kingdom,1990,75.7
GBR,United Kingdom,1991,75.9
GBR,United Kingdom,1992,76.2
GBR,United Kingdom,1993,76.1
GBR,United Kingdom,1994,76.7
GBR,United Kingdom,1995,76.6
GBR,United Kingdom,1996,76.8
GBR,United Kingdom,1997,77
GBR,United Kingdom,1998,77.2
GBR,United Kingdom,1999,77.4
GBR,United Kingdom,2000,77.8
GBR,United Kingdom,2001,78
GBR,United Kingdom,2002,78.2
GBR,United Kingdom,2003,78.3
GBR,United Kingdom,2004,78.8
GBR,United Kingdom,2005,79
GBR,United Kingdom,2006,79.3
GBR,United Kingdom,2007,79.5
GBR,United Kingdom,2008,79.6
GBR,United Kingdom,2009,80.1
GBR,United Kingdom,2010,80.4
GBR,United Kingdom,2011,80.7
GBR,United Kingdom,2012,80.8
GBR,United Kingdom,2013,80.8
GBR,United Kingdom,2014,81.1
GBR,United Kingdom,2015,80.8
GBR,United Kingdom,2016,81
GBR,United Kingdom,2017,81.1
GBR,United Kingdom,2018,81
GBR,United Kingdom,2019,81.3
GBR,United Kingdom,2020,80.3
GBR,United Kingdom,2021,80.5
GBR,United Kingdom,2022,80.9
USA,United States,1960,69.7
USA,United States,1961,70.2
USA,United States,1962,70.1
USA,United States,1963,69.9
USA,United States,1964,70.2
USA,United States,1965,70.2
USA,United States,1966,70.2
USA,United States,1967,70.5
USA,United States,1968,70.2
USA,United States,1969,70.5
USA,United States,1970,70.8
USA,United States,1971,71.1
USA,United States,1972,71.2
USA,United States,1973,71.4
USA,United States,1974,72
USA,United States,1975,72.6
USA,United States,1976,72.9
USA,United States,1977,73.3
USA,United States,1978,73.5
USA,United States,1979,73.9
USA,United States,1980,73.7
USA,United States,1981,74.1
USA,United States,1982,74.5
USA,United States,1983,74.6
USA,United States,1984,74.7
USA,United States,1985,74.7
USA,United States,1986,74.7
USA,United States,1987,74.9
USA,United States,1988,74.9
USA,United States,1989,75.1
USA,United States,1990,75.4
USA,United States,1991,75.5
USA,United States,1992,75.8
USA,United States,1993,75.5
USA,United States,1994,75.7
USA,United States,1995,75.8
USA,United States,1996,76.1
USA,United States,1997,76.5
USA,United States,1998,76.7
USA,United States,1999,76.7
USA,United States,2000,76.8
USA,United States,2001,77
USA,United States,2002,77
USA,United States,2003,77.2
USA,United States,2004,77.6
USA,United States,2005,77.6
USA,United States,2006,77.8
USA,United States,2007,78.1
USA,United States,2008,78.2
USA,United States,2009,78.5
USA,United States,2010,78.7
USA,United States,2011,78.7
USA,United States,2012,78.8
USA,United States,2013,78.8
USA,United States,2014,78.9
USA,United States,2015,78.7
USA,United States,2016,78.7
USA,United States,2017,78.6
USA,United States,2018,78.7
USA,United States,2019,78.8
USA,United States,2020,77
USA,United States,2021,76.4
